Date,Start (ET),Visitor/Neutral,PTS,Home/Neutral,PTS.1,Unnamed: 6,Unnamed: 7,Attend.,LOG,Arena,Notes
"Tue, Oct 18, 2022",7:30p,Philadelphia 76ers,117,Boston Celtics,126,Box Score,,19156.0,2:31,TD Garden,
"Tue, Oct 18, 2022",10:00p,Los Angeles Lakers,109,Golden State Warriors,123,Box Score,,18064.0,2:33,Chase Center,
"Wed, Oct 19, 2022",7:00p,Orlando Magic,109,Detroit Pistons,113,Box Score,,20190.0,2:16,Little Caesars Arena,
"Wed, Oct 19, 2022",7:00p,Washington Wizards,114,Indiana Pacers,107,Box Score,,15027.0,2:22,Gainbridge Fieldhouse,
"Wed, Oct 19, 2022",7:30p,Houston Rockets,107,Atlanta Hawks,117,Box Score,,17878.0,2:05,State Farm Arena,
"Wed, Oct 19, 2022",7:30p,New Orleans Pelicans,130,Brooklyn Nets,108,Box Score,,18003.0,2:14,Barclays Center,
"Wed, Oct 19, 2022",7:30p,New York Knicks,112,Memphis Grizzlies,115,Box Score,OT,18202.0,2:36,FedEx Forum,
"Wed, Oct 19, 2022",7:30p,Chicago Bulls,116,Miami Heat,108,Box Score,,19600.0,2:20,Kaseya Center,
"Wed, Oct 19, 2022",7:30p,Cleveland Cavaliers,105,Toronto Raptors,108,Box Score,,19800.0,2:19,Scotiabank Arena,
"Wed, Oct 19, 2022",8:00p,Oklahoma City Thunder,108,Minnesota Timberwolves,115,Box Score,,17136.0,2:21,Target Center,
"Wed, Oct 19, 2022",8:00p,Charlotte Hornets,129,San Antonio Spurs,102,Box Score,,16236.0,2:07,AT&T Center,
"Wed, Oct 19, 2022",9:00p,Denver Nuggets,102,Utah Jazz,123,Box Score,,18206.0,2:15,Vivint Arena,
"Wed, Oct 19, 2022",10:00p,Dallas Mavericks,105,Phoenix Suns,107,Box Score,,17071.0,2:26,Footprint Center,
"Wed, Oct 19, 2022",10:00p,Portland Trail Blazers,115,Sacramento Kings,108,Box Score,,17611.0,2:24,Golden 1 Center,
"Thu, Oct 20, 2022",7:30p,Milwaukee Bucks,90,Philadelphia 76ers,88,Box Score,,20060.0,2:19,Wells Fargo Center,
"Thu, Oct 20, 2022",10:00p,Los Angeles Clippers,103,Los Angeles Lakers,97,Box Score,,18997.0,2:30,Crypto.com Arena,
"Fri, Oct 21, 2022",7:00p,New Orleans Pelicans,124,Charlotte Hornets,112,Box Score,,19287.0,2:15,Spectrum Center,
"Fri, Oct 21, 2022",7:00p,San Antonio Spurs,137,Indiana Pacers,134,Box Score,,12073.0,2:30,Gainbridge Fieldhouse,
"Fri, Oct 21, 2022",7:00p,Chicago Bulls,100,Washington Wizards,102,Box Score,,20476.0,2:15,Capital One Arena,
"Fri, Oct 21, 2022",7:30p,Orlando Magic,98,Atlanta Hawks,108,Box Score,,17822.0,2:12,State Farm Arena,
"Fri, Oct 21, 2022",7:30p,Toronto Raptors,105,Brooklyn Nets,109,Box Score,,17732.0,2:15,Barclays Center,
"Fri, Oct 21, 2022",7:30p,Boston Celtics,111,Miami Heat,104,Box Score,,19600.0,2:10,Kaseya Center,
"Fri, Oct 21, 2022",7:30p,Detroit Pistons,106,New York Knicks,130,Box Score,,19812.0,2:12,Madison Square Garden (IV),
"Fri, Oct 21, 2022",8:00p,Memphis Grizzlies,129,Houston Rockets,122,Box Score,,18055.0,2:19,Toyota Center,
"Fri, Oct 21, 2022",8:00p,Utah Jazz,132,Minnesota Timberwolves,126,Box Score,OT,17136.0,2:37,Target Center,
"Fri, Oct 21, 2022",10:00p,Denver Nuggets,128,Golden State Warriors,123,Box Score,,18064.0,2:31,Chase Center,
"Fri, Oct 21, 2022",10:00p,Phoenix Suns,111,Portland Trail Blazers,113,Box Score,OT,19393.0,2:35,Moda Center,
"Sat, Oct 22, 2022",6:00p,San Antonio Spurs,114,Philadelphia 76ers,105,Box Score,,19822.0,2:15,Wells Fargo Center,
"Sat, Oct 22, 2022",7:00p,Detroit Pistons,115,Indiana Pacers,124,Box Score,,16056.0,2:26,Gainbridge Fieldhouse,
"Sat, Oct 22, 2022",7:00p,Boston Celtics,126,Orlando Magic,120,Box Score,,19299.0,2:24,Amway Center,
"Sat, Oct 22, 2022",8:00p,Cleveland Cavaliers,128,Chicago Bulls,96,Box Score,,21089.0,2:11,United Center,
"Sat, Oct 22, 2022",8:00p,Toronto Raptors,109,Miami Heat,112,Box Score,,19600.0,2:29,Kaseya Center,
"Sat, Oct 22, 2022",8:00p,Houston Rockets,105,Milwaukee Bucks,125,Box Score,,17341.0,2:11,Fiserv Forum,
"Sat, Oct 22, 2022",8:30p,Memphis Grizzlies,96,Dallas Mavericks,137,Box Score,,20377.0,2:18,American Airlines Center,
"Sat, Oct 22, 2022",9:00p,Oklahoma City Thunder,117,Denver Nuggets,122,Box Score,,19983.0,2:19,Ball Arena,
"Sat, Oct 22, 2022",10:00p,Los Angeles Clippers,111,Sacramento Kings,109,Box Score,,16296.0,2:27,Golden 1 Center,
"Sun, Oct 23, 2022",3:30p,Portland Trail Blazers,106,Los Angeles Lakers,104,Box Score,,18997.0,2:28,Crypto.com Arena,
"Sun, Oct 23, 2022",5:00p,Charlotte Hornets,126,Atlanta Hawks,109,Box Score,,17383.0,2:20,State Farm Arena,
"Sun, Oct 23, 2022",7:00p,Washington Wizards,107,Cleveland Cavaliers,117,Box Score,OT,19432.0,2:34,Rocket Mortgage Fieldhouse,
"Sun, Oct 23, 2022",7:00p,Utah Jazz,122,New Orleans Pelicans,121,Box Score,OT,18665.0,2:31,Smoothie King Center,
"Sun, Oct 23, 2022",8:00p,Minnesota Timberwolves,116,Oklahoma City Thunder,106,Box Score,,15044.0,2:09,Paycom Center,
"Sun, Oct 23, 2022",8:30p,Sacramento Kings,125,Golden State Warriors,130,Box Score,,18064.0,2:24,Chase Center,
"Sun, Oct 23, 2022",10:00p,Phoenix Suns,112,Los Angeles Clippers,95,Box Score,,19068.0,2:06,Crypto.com Arena,
"Mon, Oct 24, 2022",7:00p,Indiana Pacers,106,Philadelphia 76ers,120,Box Score,,19786.0,2:16,Wells Fargo Center,
"Mon, Oct 24, 2022",7:30p,Toronto Raptors,98,Miami Heat,90,Box Score,,19600.0,2:13,Kaseya Center,
"Mon, Oct 24, 2022",7:30p,Orlando Magic,102,New York Knicks,115,Box Score,,18800.0,2:13,Madison Square Garden (IV),
"Mon, Oct 24, 2022",8:00p,Boston Celtics,102,Chicago Bulls,120,Box Score,,17673.0,2:08,United Center,
"Mon, Oct 24, 2022",8:00p,Utah Jazz,108,Houston Rockets,114,Box Score,,16260.0,2:14,Toyota Center,
"Mon, Oct 24, 2022",8:00p,Brooklyn Nets,124,Memphis Grizzlies,134,Box Score,,17392.0,2:19,FedEx Forum,
"Mon, Oct 24, 2022",8:00p,San Antonio Spurs,115,Minnesota Timberwolves,106,Box Score,,15347.0,2:11,Target Center,
"Mon, Oct 24, 2022",10:00p,Denver Nuggets,110,Portland Trail Blazers,135,Box Score,,18111.0,2:11,Moda Center,
"Tue, Oct 25, 2022",7:00p,Detroit Pistons,99,Washington Wizards,120,Box Score,,13196.0,2:13,Capital One Arena,
"Tue, Oct 25, 2022",7:30p,Dallas Mavericks,111,New Orleans Pelicans,113,Box Score,,14020.0,2:17,Smoothie King Center,
"Tue, Oct 25, 2022",8:00p,Los Angeles Clippers,94,Oklahoma City Thunder,108,Box Score,,13105.0,2:05,Paycom Center,
"Tue, Oct 25, 2022",10:00p,Golden State Warriors,105,Phoenix Suns,134,Box Score,,17071.0,2:23,Footprint Center,
"Wed, Oct 26, 2022",7:00p,Orlando Magic,92,Cleveland Cavaliers,103,Box Score,,0.0,2:26,Rocket Mortgage Fieldhouse,
"Wed, Oct 26, 2022",7:00p,Atlanta Hawks,118,Detroit Pistons,113,Box Score,,17987.0,2:19,Little Caesars Arena,
"Wed, Oct 26, 2022",7:30p,Brooklyn Nets,99,Milwaukee Bucks,110,Box Score,,17341.0,2:31,Fiserv Forum,
"Wed, Oct 26, 2022",7:30p,Charlotte Hornets,131,New York Knicks,134,Box Score,OT,19812.0,2:45,Madison Square Garden (IV),
"Wed, Oct 26, 2022",7:30p,Philadelphia 76ers,109,Toronto Raptors,119,Box Score,,19800.0,2:02,Scotiabank Arena,
"Wed, Oct 26, 2022",8:00p,Indiana Pacers,109,Chicago Bulls,124,Box Score,,18306.0,2:26,United Center,
"Wed, Oct 26, 2022",8:00p,San Antonio Spurs,122,Minnesota Timberwolves,134,Box Score,,16165.0,2:05,Target Center,
"Wed, Oct 26, 2022",9:00p,Houston Rockets,101,Utah Jazz,109,Box Score,,18206.0,2:20,Vivint Arena,
"Wed, Oct 26, 2022",10:00p,Los Angeles Lakers,99,Denver Nuggets,110,Box Score,,19520.0,2:12,Ball Arena,
"Wed, Oct 26, 2022",10:00p,Miami Heat,119,Portland Trail Blazers,98,Box Score,,18588.0,2:03,Moda Center,
"Thu, Oct 27, 2022",7:30p,Dallas Mavericks,129,Brooklyn Nets,125,Box Score,OT,18039.0,2:42,Barclays Center,
"Thu, Oct 27, 2022",8:00p,Los Angeles Clippers,110,Oklahoma City Thunder,118,Box Score,,14510.0,2:05,Paycom Center,
"Thu, Oct 27, 2022",10:00p,Miami Heat,110,Golden State Warriors,123,Box Score,,18064.0,2:04,Chase Center,
"Thu, Oct 27, 2022",10:00p,Memphis Grizzlies,125,Sacramento Kings,110,Box Score,,15511.0,2:08,Golden 1 Center,
"Fri, Oct 28, 2022",7:00p,Atlanta Hawks,136,Detroit Pistons,112,Box Score,,18923.0,2:11,Little Caesars Arena,
"Fri, Oct 28, 2022",7:00p,Charlotte Hornets,93,Orlando Magic,113,Box Score,,18846.0,2:08,Amway Center,
"Fri, Oct 28, 2022",7:30p,Cleveland Cavaliers,132,Boston Celtics,123,Box Score,OT,19156.0,2:42,TD Garden,
"Fri, Oct 28, 2022",7:30p,Philadelphia 76ers,112,Toronto Raptors,90,Box Score,,19800.0,2:05,Scotiabank Arena,
"Fri, Oct 28, 2022",7:30p,Indiana Pacers,127,Washington Wizards,117,Box Score,,13463.0,2:25,Capital One Arena,
"Fri, Oct 28, 2022",8:00p,New York Knicks,108,Milwaukee Bucks,119,Box Score,,17341.0,2:25,Fiserv Forum,
"Fri, Oct 28, 2022",8:00p,Los Angeles Lakers,102,Minnesota Timberwolves,111,Box Score,,17136.0,2:28,Target Center,
"Fri, Oct 28, 2022",8:30p,Chicago Bulls,124,San Antonio Spurs,129,Box Score,,16562.0,2:17,AT&T Center,
"Fri, Oct 28, 2022",9:00p,Utah Jazz,101,Denver Nuggets,117,Box Score,,19560.0,2:07,Ball Arena,
"Fri, Oct 28, 2022",10:00p,New Orleans Pelicans,111,Phoenix Suns,124,Box Score,,17071.0,2:13,Footprint Center,
"Fri, Oct 28, 2022",10:00p,Houston Rockets,111,Portland Trail Blazers,125,Box Score,,19082.0,2:11,Moda Center,
"Sat, Oct 29, 2022",6:00p,Miami Heat,113,Sacramento Kings,119,Box Score,,14618.0,2:31,Golden 1 Center,
"Sat, Oct 29, 2022",7:00p,Golden State Warriors,113,Charlotte Hornets,120,Box Score,OT,19079.0,2:26,Spectrum Center,
"Sat, Oct 29, 2022",7:30p,Indiana Pacers,125,Brooklyn Nets,116,Box Score,,17732.0,2:14,Barclays Center,
"Sat, Oct 29, 2022",8:00p,Philadelphia 76ers,114,Chicago Bulls,109,Box Score,,19010.0,2:25,United Center,
"Sat, Oct 29, 2022",8:00p,Atlanta Hawks,115,Milwaukee Bucks,123,Box Score,,17341.0,2:15,Fiserv Forum,
"Sat, Oct 29, 2022",9:00p,Oklahoma City Thunder,117,Dallas Mavericks,111,Box Score,OT,20307.0,2:38,American Airlines Center,
"Sat, Oct 29, 2022",9:00p,Memphis Grizzlies,123,Utah Jazz,124,Box Score,,18206.0,2:14,Vivint Arena,
"Sun, Oct 30, 2022",3:00p,New Orleans Pelicans,112,Los Angeles Clippers,91,Box Score,,18142.0,1:59,Crypto.com Arena,
"Sun, Oct 30, 2022",6:00p,Washington Wizards,94,Boston Celtics,112,Box Score,,19156.0,2:00,TD Garden,
"Sun, Oct 30, 2022",6:00p,New York Knicks,108,Cleveland Cavaliers,121,Box Score,,19432.0,2:13,Rocket Mortgage Fieldhouse,
"Sun, Oct 30, 2022",6:00p,Golden State Warriors,114,Detroit Pistons,128,Box Score,,20190.0,2:19,Little Caesars Arena,
"Sun, Oct 30, 2022",7:00p,Minnesota Timberwolves,98,San Antonio Spurs,107,Box Score,,15053.0,2:14,AT&T Center,
"Sun, Oct 30, 2022",7:30p,Orlando Magic,105,Dallas Mavericks,114,Box Score,,20042.0,2:22,American Airlines Center,
"Sun, Oct 30, 2022",9:00p,Houston Rockets,109,Phoenix Suns,124,Box Score,,17071.0,2:22,Footprint Center,
"Sun, Oct 30, 2022",9:30p,Denver Nuggets,110,Los Angeles Lakers,121,Box Score,,18997.0,2:07,Crypto.com Arena,
"Mon, Oct 31, 2022",7:00p,Sacramento Kings,115,Charlotte Hornets,108,Box Score,,12020.0,2:19,Spectrum Center,
"Mon, Oct 31, 2022",7:00p,Philadelphia 76ers,118,Washington Wizards,111,Box Score,,13746.0,2:14,Capital One Arena,
"Mon, Oct 31, 2022",7:30p,Indiana Pacers,109,Brooklyn Nets,116,Box Score,,15770.0,2:20,Barclays Center,
"Mon, Oct 31, 2022",7:30p,Atlanta Hawks,109,Toronto Raptors,139,Box Score,,19800.0,2:13,Scotiabank Arena,
"Mon, Oct 31, 2022",8:00p,Detroit Pistons,108,Milwaukee Bucks,110,Box Score,,17341.0,2:21,Fiserv Forum,
"Mon, Oct 31, 2022",9:00p,Memphis Grizzlies,105,Utah Jazz,121,Box Score,,18206.0,2:16,Vivint Arena,
"Mon, Oct 31, 2022",10:30p,Houston Rockets,93,Los Angeles Clippers,95,Box Score,,14887.0,2:13,Crypto.com Arena,
"Tue, Nov 1, 2022",7:30p,Chicago Bulls,108,Brooklyn Nets,99,Box Score,,17732.0,2:16,Barclays Center,
"Tue, Nov 1, 2022",7:30p,Golden State Warriors,109,Miami Heat,116,Box Score,,19600.0,2:22,Kaseya Center,
"Tue, Nov 1, 2022",8:00p,Orlando Magic,108,Oklahoma City Thunder,116,Box Score,,13109.0,2:09,Paycom Center,
"Tue, Nov 1, 2022",10:00p,Minnesota Timberwolves,107,Phoenix Suns,116,Box Score,,17071.0,2:28,Footprint Center,
"Wed, Nov 2, 2022",6:00p,Washington Wizards,121,Philadelphia 76ers,111,Box Score,,19855.0,2:14,Wells Fargo Center,
"Wed, Nov 2, 2022",7:30p,Boston Celtics,113,Cleveland Cavaliers,114,Box Score,OT,19432.0,2:35,Rocket Mortgage Fieldhouse,
"Wed, Nov 2, 2022",7:30p,Sacramento Kings,107,Miami Heat,110,Box Score,,19600.0,2:13,Kaseya Center,
"Wed, Nov 2, 2022",7:30p,Atlanta Hawks,112,New York Knicks,99,Box Score,,19812.0,2:11,Madison Square Garden (IV),
"Wed, Nov 2, 2022",8:00p,Charlotte Hornets,88,Chicago Bulls,106,Box Score,,17886.0,2:07,United Center,
"Wed, Nov 2, 2022",8:00p,Los Angeles Clippers,109,Houston Rockets,101,Box Score,,15860.0,2:08,Toyota Center,
"Wed, Nov 2, 2022",8:00p,Detroit Pistons,91,Milwaukee Bucks,116,Box Score,,17341.0,2:10,Fiserv Forum,
"Wed, Nov 2, 2022",8:00p,Toronto Raptors,143,San Antonio Spurs,100,Box Score,,12155.0,2:04,AT&T Center,
"Wed, Nov 2, 2022",8:30p,Utah Jazz,100,Dallas Mavericks,103,Box Score,,19877.0,2:07,American Airlines Center,
"Wed, Nov 2, 2022",10:00p,Memphis Grizzlies,111,Portland Trail Blazers,106,Box Score,,19462.0,2:19,Moda Center,
"Wed, Nov 2, 2022",10:30p,New Orleans Pelicans,117,Los Angeles Lakers,120,Box Score,OT,18997.0,2:20,Crypto.com Arena,
"Thu, Nov 3, 2022",7:00p,Golden State Warriors,129,Orlando Magic,130,Box Score,,18846.0,2:29,Amway Center,
"Thu, Nov 3, 2022",8:00p,Denver Nuggets,122,Oklahoma City Thunder,110,Box Score,,13791.0,2:05,Paycom Center,
"Fri, Nov 4, 2022",7:00p,Cleveland Cavaliers,112,Detroit Pistons,88,Box Score,,18744.0,2:07,Little Caesars Arena,
"Fri, Nov 4, 2022",7:00p,Miami Heat,99,Indiana Pacers,101,Box Score,,13141.0,2:22,Gainbridge Fieldhouse,
"Fri, Nov 4, 2022",7:00p,New York Knicks,106,Philadelphia 76ers,104,Box Score,,20679.0,2:20,Wells Fargo Center,
"Fri, Nov 4, 2022",7:00p,Brooklyn Nets,128,Washington Wizards,86,Box Score,,17258.0,2:06,Capital One Arena,
"Fri, Nov 4, 2022",7:30p,Chicago Bulls,119,Boston Celtics,123,Box Score,,19156.0,2:31,TD Garden,
"Fri, Nov 4, 2022",8:00p,Charlotte Hornets,99,Memphis Grizzlies,130,Box Score,,17187.0,2:07,FedEx Forum,
"Fri, Nov 4, 2022",8:00p,Los Angeles Clippers,113,San Antonio Spurs,106,Box Score,,12603.0,,AT&T Center,
"Fri, Nov 4, 2022",8:30p,Toronto Raptors,110,Dallas Mavericks,111,Box Score,,20177.0,2:21,American Airlines Center,
"Fri, Nov 4, 2022",8:30p,Golden State Warriors,105,New Orleans Pelicans,114,Box Score,,18451.0,2:15,Smoothie King Center,
"Fri, Nov 4, 2022",10:00p,Milwaukee Bucks,115,Minnesota Timberwolves,102,Box Score,,17136.0,2:21,Target Center,
"Fri, Nov 4, 2022",10:00p,Portland Trail Blazers,108,Phoenix Suns,106,Box Score,,17071.0,2:14,Footprint Center,
"Fri, Nov 4, 2022",10:30p,Utah Jazz,130,Los Angeles Lakers,116,Box Score,,18997.0,2:09,Crypto.com Arena,
"Sat, Nov 5, 2022",5:00p,Sacramento Kings,126,Orlando Magic,123,Box Score,OT,18846.0,2:34,Amway Center,
"Sat, Nov 5, 2022",7:00p,Brooklyn Nets,98,Charlotte Hornets,94,Box Score,,19398.0,2:17,Spectrum Center,
"Sat, Nov 5, 2022",7:30p,New Orleans Pelicans,121,Atlanta Hawks,124,Box Score,OT,17654.0,2:32,State Farm Arena,
"Sat, Nov 5, 2022",7:30p,Boston Celtics,133,New York Knicks,118,Box Score,,19812.0,2:04,Madison Square Garden (IV),
"Sat, Nov 5, 2022",8:00p,Oklahoma City Thunder,94,Milwaukee Bucks,108,Box Score,,17713.0,2:06,Fiserv Forum,
"Sat, Nov 5, 2022",8:00p,Houston Rockets,117,Minnesota Timberwolves,129,Box Score,,16412.0,2:16,Target Center,
"Sat, Nov 5, 2022",9:00p,San Antonio Spurs,101,Denver Nuggets,126,Box Score,,19641.0,1:59,Ball Arena,
"Sat, Nov 5, 2022",10:00p,Portland Trail Blazers,82,Phoenix Suns,102,Box Score,,17071.0,2:18,Footprint Center,
"Sun, Nov 6, 2022",3:30p,Cleveland Cavaliers,114,Los Angeles Lakers,100,Box Score,,18997.0,2:18,Crypto.com Arena,
"Sun, Nov 6, 2022",6:00p,Washington Wizards,97,Memphis Grizzlies,103,Box Score,,16877.0,2:07,FedEx Forum,
"Sun, Nov 6, 2022",6:00p,Chicago Bulls,104,Toronto Raptors,113,Box Score,,19800.0,2:03,Scotiabank Arena,
"Sun, Nov 6, 2022",10:00p,Utah Jazz,110,Los Angeles Clippers,102,Box Score,,16111.0,2:12,Crypto.com Arena,
"Mon, Nov 7, 2022",7:00p,Washington Wizards,108,Charlotte Hornets,100,Box Score,,13712.0,2:12,Spectrum Center,
"Mon, Nov 7, 2022",7:15p,Houston Rockets,134,Orlando Magic,127,Box Score,,15441.0,2:24,Amway Center,
"Mon, Nov 7, 2022",7:30p,Oklahoma City Thunder,103,Detroit Pistons,112,Box Score,,16223.0,2:13,Little Caesars Arena,
"Mon, Nov 7, 2022",7:45p,New Orleans Pelicans,122,Indiana Pacers,129,Box Score,,14052.0,2:12,Gainbridge Fieldhouse,
"Mon, Nov 7, 2022",8:00p,Phoenix Suns,88,Philadelphia 76ers,100,Box Score,,20347.0,2:18,Wells Fargo Center,
"Mon, Nov 7, 2022",8:15p,Milwaukee Bucks,98,Atlanta Hawks,117,Box Score,,17494.0,2:11,State Farm Arena,
"Mon, Nov 7, 2022",8:30p,Portland Trail Blazers,110,Miami Heat,107,Box Score,,19600.0,2:11,Kaseya Center,
"Mon, Nov 7, 2022",8:45p,Toronto Raptors,97,Chicago Bulls,111,Box Score,,21142.0,2:11,United Center,
"Mon, Nov 7, 2022",9:00p,Boston Celtics,109,Memphis Grizzlies,106,Box Score,,17371.0,2:08,FedEx Forum,
"Mon, Nov 7, 2022",9:15p,New York Knicks,120,Minnesota Timberwolves,107,Box Score,,14524.0,2:17,Target Center,
"Mon, Nov 7, 2022",9:30p,Denver Nuggets,115,San Antonio Spurs,109,Box Score,,11574.0,2:10,AT&T Center,
"Mon, Nov 7, 2022",9:45p,Brooklyn Nets,94,Dallas Mavericks,96,Box Score,,20011.0,2:19,American Airlines Center,
"Mon, Nov 7, 2022",10:00p,Sacramento Kings,113,Golden State Warriors,116,Box Score,,18064.0,2:22,Chase Center,
"Mon, Nov 7, 2022",10:15p,Los Angeles Lakers,116,Utah Jazz,139,Box Score,,18206.0,2:12,Vivint Arena,
"Mon, Nov 7, 2022",10:30p,Cleveland Cavaliers,117,Los Angeles Clippers,119,Box Score,,16516.0,2:19,Crypto.com Arena,
"Wed, Nov 9, 2022",5:30p,Dallas Mavericks,87,Orlando Magic,94,Box Score,,18165.0,2:09,Amway Center,
"Wed, Nov 9, 2022",7:00p,Portland Trail Blazers,105,Charlotte Hornets,95,Box Score,,14774.0,2:10,Spectrum Center,
"Wed, Nov 9, 2022",7:00p,Denver Nuggets,122,Indiana Pacers,119,Box Score,,14069.0,2:13,Gainbridge Fieldhouse,
"Wed, Nov 9, 2022",7:30p,Utah Jazz,125,Atlanta Hawks,119,Box Score,,15845.0,2:02,State Farm Arena,
"Wed, Nov 9, 2022",7:30p,Detroit Pistons,112,Boston Celtics,128,Box Score,,19156.0,2:12,TD Garden,
"Wed, Nov 9, 2022",7:30p,New York Knicks,85,Brooklyn Nets,112,Box Score,,18156.0,2:09,Barclays Center,
"Wed, Nov 9, 2022",7:30p,Houston Rockets,109,Toronto Raptors,116,Box Score,,19800.0,2:13,Scotiabank Arena,
"Wed, Nov 9, 2022",8:00p,New Orleans Pelicans,115,Chicago Bulls,111,Box Score,,19621.0,2:19,United Center,
"Wed, Nov 9, 2022",8:00p,Phoenix Suns,129,Minnesota Timberwolves,117,Box Score,,16062.0,2:13,Target Center,
"Wed, Nov 9, 2022",8:00p,Milwaukee Bucks,136,Oklahoma City Thunder,132,Box Score,2OT,15180.0,2:56,Paycom Center,
"Wed, Nov 9, 2022",8:00p,Memphis Grizzlies,124,San Antonio Spurs,122,Box Score,OT,13507.0,2:28,AT&T Center,
"Wed, Nov 9, 2022",10:00p,Los Angeles Lakers,101,Los Angeles Clippers,114,Box Score,,19068.0,2:13,Crypto.com Arena,
"Wed, Nov 9, 2022",10:00p,Cleveland Cavaliers,120,Sacramento Kings,127,Box Score,,13816.0,2:13,Golden 1 Center,
"Thu, Nov 10, 2022",7:00p,Dallas Mavericks,105,Washington Wizards,113,Box Score,,18320.0,2:11,Capital One Arena,
"Thu, Nov 10, 2022",7:30p,Philadelphia 76ers,95,Atlanta Hawks,104,Box Score,,16066.0,2:19,State Farm Arena,
"Thu, Nov 10, 2022",7:30p,Charlotte Hornets,112,Miami Heat,117,Box Score,OT,19600.0,2:39,Kaseya Center,
"Thu, Nov 10, 2022",8:00p,Portland Trail Blazers,106,New Orleans Pelicans,95,Box Score,,14289.0,2:10,Smoothie King Center,
"Fri, Nov 11, 2022",7:00p,Denver Nuggets,112,Boston Celtics,131,Box Score,,19156.0,2:11,TD Garden,
"Fri, Nov 11, 2022",7:00p,Phoenix Suns,97,Orlando Magic,114,Box Score,,15879.0,2:03,Amway Center,
"Fri, Nov 11, 2022",7:30p,Detroit Pistons,112,New York Knicks,121,Box Score,,19812.0,2:25,Madison Square Garden (IV),
"Fri, Nov 11, 2022",8:00p,Toronto Raptors,113,Oklahoma City Thunder,132,Box Score,,16104.0,2:05,Paycom Center,
"Fri, Nov 11, 2022",8:00p,Milwaukee Bucks,93,San Antonio Spurs,111,Box Score,,15642.0,2:13,AT&T Center,
"Fri, Nov 11, 2022",9:30p,Minnesota Timberwolves,103,Memphis Grizzlies,114,Box Score,,16939.0,2:16,FedEx Forum,
"Fri, Nov 11, 2022",10:00p,Cleveland Cavaliers,101,Golden State Warriors,106,Box Score,,18064.0,2:26,Chase Center,
"Fri, Nov 11, 2022",10:30p,Sacramento Kings,120,Los Angeles Lakers,114,Box Score,,17849.0,2:11,Crypto.com Arena,
"Sat, Nov 12, 2022",4:00p,Brooklyn Nets,110,Los Angeles Clippers,95,Box Score,,17777.0,2:15,Crypto.com Arena,
"Sat, Nov 12, 2022",6:00p,Utah Jazz,112,Washington Wizards,121,Box Score,,13673.0,2:07,Capital One Arena,
"Sat, Nov 12, 2022",7:00p,Boston Celtics,117,Detroit Pistons,108,Box Score,,20190.0,2:10,Little Caesars Arena,
"Sat, Nov 12, 2022",7:00p,Toronto Raptors,104,Indiana Pacers,118,Box Score,,13089.0,2:17,Gainbridge Fieldhouse,
"Sat, Nov 12, 2022",7:30p,Atlanta Hawks,109,Philadelphia 76ers,121,Box Score,,20245.0,2:26,Wells Fargo Center,
"Sat, Nov 12, 2022",8:00p,Charlotte Hornets,115,Miami Heat,132,Box Score,,19600.0,2:09,Kaseya Center,
"Sat, Nov 12, 2022",8:30p,Portland Trail Blazers,112,Dallas Mavericks,117,Box Score,,20277.0,2:13,American Airlines Center,
"Sat, Nov 12, 2022",8:30p,Houston Rockets,106,New Orleans Pelicans,119,Box Score,,15367.0,2:14,Smoothie King Center,
"Sun, Nov 13, 2022",12:00p,Oklahoma City Thunder,145,New York Knicks,135,Box Score,,18325.0,2:14,Madison Square Garden (IV),
"Sun, Nov 13, 2022",6:00p,Minnesota Timberwolves,129,Cleveland Cavaliers,124,Box Score,,19432.0,2:31,Rocket Mortgage Fieldhouse,
"Sun, Nov 13, 2022",6:00p,Memphis Grizzlies,92,Washington Wizards,102,Box Score,,17667.0,2:13,Capital One Arena,
"Sun, Nov 13, 2022",7:30p,Utah Jazz,98,Philadelphia 76ers,105,Box Score,,19761.0,2:21,Wells Fargo Center,
"Sun, Nov 13, 2022",8:00p,Denver Nuggets,126,Chicago Bulls,103,Box Score,,21602.0,2:05,United Center,
"Sun, Nov 13, 2022",9:00p,Golden State Warriors,115,Sacramento Kings,122,Box Score,,16410.0,2:12,Golden 1 Center,
"Sun, Nov 13, 2022",9:30p,Brooklyn Nets,103,Los Angeles Lakers,116,Box Score,,18040.0,2:15,Crypto.com Arena,
"Mon, Nov 14, 2022",7:00p,Toronto Raptors,115,Detroit Pistons,111,Box Score,,16988.0,2:24,Little Caesars Arena,
"Mon, Nov 14, 2022",7:00p,Charlotte Hornets,112,Orlando Magic,105,Box Score,,15018.0,2:17,Amway Center,
"Mon, Nov 14, 2022",7:30p,Oklahoma City Thunder,122,Boston Celtics,126,Box Score,,19156.0,2:15,TD Garden,
"Mon, Nov 14, 2022",7:30p,Phoenix Suns,112,Miami Heat,113,Box Score,,19600.0,2:09,Kaseya Center,
"Mon, Nov 14, 2022",8:00p,Los Angeles Clippers,122,Houston Rockets,106,Box Score,,16098.0,2:18,Toyota Center,
"Mon, Nov 14, 2022",8:00p,Atlanta Hawks,121,Milwaukee Bucks,106,Box Score,,17341.0,2:21,Fiserv Forum,
"Mon, Nov 14, 2022",10:00p,San Antonio Spurs,95,Golden State Warriors,132,Box Score,,18064.0,2:10,Chase Center,
"Tue, Nov 15, 2022",7:30p,Memphis Grizzlies,102,New Orleans Pelicans,113,Box Score,,14032.0,2:13,Smoothie King Center,
"Tue, Nov 15, 2022",8:30p,Los Angeles Clippers,101,Dallas Mavericks,103,Box Score,,19810.0,2:22,American Airlines Center,
"Tue, Nov 15, 2022",9:00p,New York Knicks,118,Utah Jazz,111,Box Score,,18206.0,2:11,Vivint Arena,
"Tue, Nov 15, 2022",10:00p,San Antonio Spurs,110,Portland Trail Blazers,117,Box Score,,19012.0,2:12,Moda Center,
"Tue, Nov 15, 2022",10:00p,Brooklyn Nets,121,Sacramento Kings,153,Box Score,,17611.0,2:21,Golden 1 Center,
"Wed, Nov 16, 2022",7:00p,Indiana Pacers,125,Charlotte Hornets,113,Box Score,,14756.0,2:15,Spectrum Center,
"Wed, Nov 16, 2022",7:00p,Minnesota Timberwolves,126,Orlando Magic,108,Box Score,,16527.0,2:07,Amway Center,
"Wed, Nov 16, 2022",7:00p,Oklahoma City Thunder,121,Washington Wizards,120,Box Score,,12630.0,2:15,Capital One Arena,
"Wed, Nov 16, 2022",7:30p,Boston Celtics,126,Atlanta Hawks,101,Box Score,,18165.0,2:03,State Farm Arena,
"Wed, Nov 16, 2022",7:30p,Miami Heat,104,Toronto Raptors,112,Box Score,,19800.0,2:16,Scotiabank Arena,
"Wed, Nov 16, 2022",8:00p,Cleveland Cavaliers,98,Milwaukee Bucks,113,Box Score,,17341.0,2:07,Fiserv Forum,
"Wed, Nov 16, 2022",8:00p,Chicago Bulls,110,New Orleans Pelicans,124,Box Score,,14658.0,2:12,Smoothie King Center,
"Wed, Nov 16, 2022",8:30p,Houston Rockets,101,Dallas Mavericks,92,Box Score,,19602.0,2:11,American Airlines Center,
"Wed, Nov 16, 2022",10:00p,New York Knicks,106,Denver Nuggets,103,Box Score,,18210.0,2:17,Ball Arena,
"Wed, Nov 16, 2022",10:00p,Golden State Warriors,119,Phoenix Suns,130,Box Score,,17071.0,2:18,Footprint Center,
"Thu, Nov 17, 2022",10:00p,Brooklyn Nets,109,Portland Trail Blazers,107,Box Score,,19393.0,2:27,Moda Center,
"Thu, Nov 17, 2022",10:00p,San Antonio Spurs,112,Sacramento Kings,130,Box Score,,16522.0,2:09,Golden 1 Center,
"Thu, Nov 17, 2022",10:30p,Detroit Pistons,91,Los Angeles Clippers,96,Box Score,,17822.0,2:30,Crypto.com Arena,
"Fri, Nov 18, 2022",7:00p,Miami Heat,106,Washington Wizards,107,Box Score,OT,18772.0,2:31,Capital One Arena,
"Fri, Nov 18, 2022",7:30p,Charlotte Hornets,122,Cleveland Cavaliers,132,Box Score,2OT,19432.0,2:53,Rocket Mortgage Fieldhouse,
"Fri, Nov 18, 2022",7:30p,Milwaukee Bucks,102,Philadelphia 76ers,110,Box Score,,19769.0,2:24,Wells Fargo Center,
"Fri, Nov 18, 2022",8:00p,Orlando Magic,108,Chicago Bulls,107,Box Score,,21031.0,2:18,United Center,
"Fri, Nov 18, 2022",8:00p,Indiana Pacers,99,Houston Rockets,91,Box Score,,15882.0,2:34,Toyota Center,
"Fri, Nov 18, 2022",8:00p,Oklahoma City Thunder,110,Memphis Grizzlies,121,Box Score,,17324.0,2:13,FedEx Forum,
"Fri, Nov 18, 2022",8:30p,Denver Nuggets,99,Dallas Mavericks,127,Box Score,,20135.0,2:04,American Airlines Center,
"Fri, Nov 18, 2022",8:30p,Boston Celtics,117,New Orleans Pelicans,109,Box Score,,17828.0,2:01,Smoothie King Center,
"Fri, Nov 18, 2022",9:00p,Phoenix Suns,133,Utah Jazz,134,Box Score,,18206.0,2:16,Vivint Arena,
"Fri, Nov 18, 2022",10:00p,New York Knicks,101,Golden State Warriors,111,Box Score,,18064.0,2:20,Chase Center,
"Fri, Nov 18, 2022",10:30p,Detroit Pistons,121,Los Angeles Lakers,128,Box Score,,18095.0,2:25,Crypto.com Arena,
"Sat, Nov 19, 2022",6:00p,Toronto Raptors,122,Atlanta Hawks,124,Box Score,OT,18051.0,2:40,State Farm Arena,
"Sat, Nov 19, 2022",7:00p,Orlando Magic,113,Indiana Pacers,114,Box Score,,14478.0,2:11,Gainbridge Fieldhouse,
"Sat, Nov 19, 2022",7:30p,Minnesota Timberwolves,112,Philadelphia 76ers,109,Box Score,,20515.0,2:23,Wells Fargo Center,
"Sat, Nov 19, 2022",10:00p,Utah Jazz,118,Portland Trail Blazers,113,Box Score,,19595.0,2:18,Moda Center,
"Sat, Nov 19, 2022",10:30p,San Antonio Spurs,97,Los Angeles Clippers,119,Box Score,,18581.0,2:02,Crypto.com Arena,
"Sun, Nov 20, 2022",3:30p,New York Knicks,95,Phoenix Suns,116,Box Score,,17071.0,2:04,Footprint Center,
"Sun, Nov 20, 2022",6:00p,Detroit Pistons,129,Sacramento Kings,137,Box Score,,17866.0,2:29,Golden 1 Center,
"Sun, Nov 20, 2022",6:00p,Charlotte Hornets,102,Washington Wizards,106,Box Score,,14289.0,2:17,Capital One Arena,
"Sun, Nov 20, 2022",7:00p,Memphis Grizzlies,115,Brooklyn Nets,127,Box Score,,18241.0,2:12,Barclays Center,
"Sun, Nov 20, 2022",7:00p,Miami Heat,87,Cleveland Cavaliers,113,Box Score,,19432.0,2:06,Rocket Mortgage Fieldhouse,
"Sun, Nov 20, 2022",7:00p,Golden State Warriors,127,Houston Rockets,120,Box Score,,18055.0,2:09,Toyota Center,
"Sun, Nov 20, 2022",7:30p,Denver Nuggets,98,Dallas Mavericks,97,Box Score,,20244.0,2:12,American Airlines Center,
"Sun, Nov 20, 2022",9:30p,San Antonio Spurs,92,Los Angeles Lakers,123,Box Score,,18211.0,2:02,Crypto.com Arena,
"Mon, Nov 21, 2022",7:00p,Atlanta Hawks,102,Cleveland Cavaliers,114,Box Score,,19432.0,2:16,Rocket Mortgage Fieldhouse,
"Mon, Nov 21, 2022",7:00p,Orlando Magic,102,Indiana Pacers,123,Box Score,,14029.0,2:20,Gainbridge Fieldhouse,
"Mon, Nov 21, 2022",8:00p,Boston Celtics,107,Chicago Bulls,121,Box Score,,20786.0,2:05,United Center,
"Mon, Nov 21, 2022",8:00p,Portland Trail Blazers,111,Milwaukee Bucks,119,Box Score,,17341.0,2:13,Fiserv Forum,
"Mon, Nov 21, 2022",8:00p,Miami Heat,101,Minnesota Timberwolves,105,Box Score,,16583.0,2:21,Target Center,
"Mon, Nov 21, 2022",8:00p,Golden State Warriors,83,New Orleans Pelicans,128,Box Score,,18589.0,2:05,Smoothie King Center,
"Mon, Nov 21, 2022",8:00p,New York Knicks,129,Oklahoma City Thunder,119,Box Score,,15079.0,2:11,Paycom Center,
"Mon, Nov 21, 2022",10:30p,Utah Jazz,114,Los Angeles Clippers,121,Box Score,,19068.0,2:13,Crypto.com Arena,
"Tue, Nov 22, 2022",7:30p,Brooklyn Nets,106,Philadelphia 76ers,115,Box Score,,20184.0,2:17,Wells Fargo Center,
"Tue, Nov 22, 2022",8:00p,Sacramento Kings,113,Memphis Grizzlies,109,Box Score,,16826.0,2:27,FedEx Forum,
"Tue, Nov 22, 2022",9:00p,Detroit Pistons,110,Denver Nuggets,108,Box Score,,19635.0,2:18,Ball Arena,
"Tue, Nov 22, 2022",10:00p,Los Angeles Lakers,105,Phoenix Suns,115,Box Score,,17071.0,2:19,Footprint Center,
"Wed, Nov 23, 2022",7:00p,Philadelphia 76ers,101,Charlotte Hornets,107,Box Score,,16910.0,2:12,Spectrum Center,
"Wed, Nov 23, 2022",7:00p,Portland Trail Blazers,96,Cleveland Cavaliers,114,Box Score,,19432.0,2:09,Rocket Mortgage Fieldhouse,
"Wed, Nov 23, 2022",7:00p,Minnesota Timberwolves,115,Indiana Pacers,101,Box Score,,15751.0,2:13,Gainbridge Fieldhouse,
"Wed, Nov 23, 2022",7:30p,Sacramento Kings,106,Atlanta Hawks,115,Box Score,,18173.0,2:10,State Farm Arena,
"Wed, Nov 23, 2022",7:30p,Dallas Mavericks,112,Boston Celtics,125,Box Score,,19156.0,2:10,TD Garden,
"Wed, Nov 23, 2022",7:30p,Washington Wizards,105,Miami Heat,113,Box Score,,19600.0,2:15,Kaseya Center,
"Wed, Nov 23, 2022",7:30p,Brooklyn Nets,112,Toronto Raptors,98,Box Score,,19800.0,2:04,Scotiabank Arena,
"Wed, Nov 23, 2022",8:00p,Chicago Bulls,118,Milwaukee Bucks,113,Box Score,,17341.0,2:23,Fiserv Forum,
"Wed, Nov 23, 2022",8:00p,Denver Nuggets,131,Oklahoma City Thunder,126,Box Score,OT,13656.0,2:36,Paycom Center,
"Wed, Nov 23, 2022",8:00p,New Orleans Pelicans,129,San Antonio Spurs,110,Box Score,,14947.0,2:11,AT&T Center,
"Wed, Nov 23, 2022",9:00p,Detroit Pistons,125,Utah Jazz,116,Box Score,,18206.0,2:08,Vivint Arena,
"Wed, Nov 23, 2022",10:00p,Los Angeles Clippers,107,Golden State Warriors,124,Box Score,,18064.0,2:18,Chase Center,
"Fri, Nov 25, 2022",5:00p,Minnesota Timberwolves,108,Charlotte Hornets,110,Box Score,,17924.0,2:20,Spectrum Center,
"Fri, Nov 25, 2022",7:00p,Philadelphia 76ers,107,Orlando Magic,99,Box Score,,15384.0,2:12,Amway Center,
"Fri, Nov 25, 2022",7:30p,Portland Trail Blazers,132,New York Knicks,129,Box Score,OT,19812.0,2:49,Madison Square Garden (IV),
"Fri, Nov 25, 2022",8:00p,Sacramento Kings,104,Boston Celtics,122,Box Score,,19156.0,2:09,TD Garden,
"Fri, Nov 25, 2022",8:00p,Atlanta Hawks,122,Houston Rockets,128,Box Score,,16669.0,2:29,Toyota Center,
"Fri, Nov 25, 2022",8:00p,Brooklyn Nets,117,Indiana Pacers,128,Box Score,,15404.0,2:20,Gainbridge Fieldhouse,
"Fri, Nov 25, 2022",8:00p,New Orleans Pelicans,111,Memphis Grizzlies,132,Box Score,,17794.0,2:13,FedEx Forum,
"Fri, Nov 25, 2022",8:00p,Washington Wizards,107,Miami Heat,110,Box Score,,19600.0,2:19,Kaseya Center,
"Fri, Nov 25, 2022",8:00p,Cleveland Cavaliers,102,Milwaukee Bucks,117,Box Score,,17447.0,2:11,Fiserv Forum,
"Fri, Nov 25, 2022",8:00p,Chicago Bulls,119,Oklahoma City Thunder,123,Box Score,OT,16082.0,2:31,Paycom Center,
"Fri, Nov 25, 2022",8:00p,Los Angeles Lakers,105,San Antonio Spurs,94,Box Score,,18354.0,2:05,AT&T Center,
"Fri, Nov 25, 2022",9:00p,Detroit Pistons,102,Phoenix Suns,108,Box Score,,17071.0,2:13,Footprint Center,
"Fri, Nov 25, 2022",10:00p,Utah Jazz,118,Golden State Warriors,129,Box Score,,18064.0,2:06,Chase Center,
"Fri, Nov 25, 2022",10:30p,Denver Nuggets,114,Los Angeles Clippers,104,Box Score,,16559.0,2:18,Crypto.com Arena,
"Sat, Nov 26, 2022",5:00p,Dallas Mavericks,100,Toronto Raptors,105,Box Score,,19800.0,2:24,Scotiabank Arena,
"Sat, Nov 26, 2022",8:00p,Oklahoma City Thunder,105,Houston Rockets,118,Box Score,,15151.0,2:09,Toyota Center,
"Sat, Nov 26, 2022",8:00p,Los Angeles Lakers,143,San Antonio Spurs,138,Box Score,,18354.0,2:21,AT&T Center,
"Sat, Nov 26, 2022",9:00p,Utah Jazz,112,Phoenix Suns,113,Box Score,,17071.0,2:06,Footprint Center,
"Sun, Nov 27, 2022",3:00p,Portland Trail Blazers,97,Brooklyn Nets,111,Box Score,,17732.0,2:09,Barclays Center,
"Sun, Nov 27, 2022",3:30p,Golden State Warriors,137,Minnesota Timberwolves,114,Box Score,,17136.0,2:17,Target Center,
"Sun, Nov 27, 2022",4:00p,Indiana Pacers,100,Los Angeles Clippers,114,Box Score,,16805.0,2:16,Crypto.com Arena,
"Sun, Nov 27, 2022",5:00p,Miami Heat,106,Atlanta Hawks,98,Box Score,,17268.0,2:06,State Farm Arena,
"Sun, Nov 27, 2022",6:00p,Washington Wizards,121,Boston Celtics,130,Box Score,,19156.0,2:08,TD Garden,
"Sun, Nov 27, 2022",6:00p,Cleveland Cavaliers,102,Detroit Pistons,94,Box Score,,18240.0,2:19,Little Caesars Arena,
"Sun, Nov 27, 2022",6:00p,Memphis Grizzlies,127,New York Knicks,123,Box Score,,19524.0,2:28,Madison Square Garden (IV),
"Sun, Nov 27, 2022",6:00p,Philadelphia 76ers,133,Orlando Magic,103,Box Score,,16218.0,2:10,Amway Center,
"Sun, Nov 27, 2022",8:00p,Dallas Mavericks,115,Milwaukee Bucks,124,Box Score,,17341.0,2:13,Fiserv Forum,
"Mon, Nov 28, 2022",7:00p,Atlanta Hawks,101,Philadelphia 76ers,104,Box Score,,19778.0,2:18,Wells Fargo Center,
"Mon, Nov 28, 2022",7:00p,Minnesota Timberwolves,127,Washington Wizards,142,Box Score,,13515.0,2:17,Capital One Arena,
"Mon, Nov 28, 2022",7:30p,Charlotte Hornets,105,Boston Celtics,140,Box Score,,19156.0,1:56,TD Garden,
"Mon, Nov 28, 2022",7:30p,Orlando Magic,102,Brooklyn Nets,109,Box Score,,15704.0,2:04,Barclays Center,
"Mon, Nov 28, 2022",7:30p,Cleveland Cavaliers,88,Toronto Raptors,100,Box Score,,19800.0,2:00,Scotiabank Arena,
"Mon, Nov 28, 2022",8:00p,Oklahoma City Thunder,101,New Orleans Pelicans,105,Box Score,,13109.0,2:20,Smoothie King Center,
"Mon, Nov 28, 2022",9:00p,Houston Rockets,113,Denver Nuggets,129,Box Score,,16027.0,2:13,Ball Arena,
"Mon, Nov 28, 2022",9:00p,Chicago Bulls,114,Utah Jazz,107,Box Score,,18206.0,2:07,Vivint Arena,
"Mon, Nov 28, 2022",10:00p,Phoenix Suns,122,Sacramento Kings,117,Box Score,,16407.0,2:10,Golden 1 Center,
"Mon, Nov 28, 2022",10:30p,Indiana Pacers,116,Los Angeles Lakers,115,Box Score,,16034.0,2:18,Crypto.com Arena,
"Tue, Nov 29, 2022",7:00p,New York Knicks,140,Detroit Pistons,110,Box Score,,14864.0,2:03,Little Caesars Arena,
"Tue, Nov 29, 2022",7:30p,Golden State Warriors,113,Dallas Mavericks,116,Box Score,,20277.0,2:32,American Airlines Center,
"Tue, Nov 29, 2022",10:00p,Los Angeles Clippers,118,Portland Trail Blazers,112,Box Score,,17251.0,2:25,Moda Center,
"Wed, Nov 30, 2022",7:00p,Philadelphia 76ers,85,Cleveland Cavaliers,113,Box Score,,19432.0,2:03,Rocket Mortgage Fieldhouse,
"Wed, Nov 30, 2022",7:00p,Atlanta Hawks,125,Orlando Magic,108,Box Score,,15344.0,2:08,Amway Center,
"Wed, Nov 30, 2022",7:30p,Miami Heat,121,Boston Celtics,134,Box Score,,19156.0,2:01,TD Garden,
"Wed, Nov 30, 2022",7:30p,Washington Wizards,107,Brooklyn Nets,113,Box Score,,15963.0,2:22,Barclays Center,
"Wed, Nov 30, 2022",7:30p,Milwaukee Bucks,109,New York Knicks,103,Box Score,,17277.0,2:18,Madison Square Garden (IV),
"Wed, Nov 30, 2022",8:00p,Memphis Grizzlies,101,Minnesota Timberwolves,109,Box Score,,15980.0,2:23,Target Center,
"Wed, Nov 30, 2022",8:00p,Toronto Raptors,108,New Orleans Pelicans,126,Box Score,,14845.0,2:09,Smoothie King Center,
"Wed, Nov 30, 2022",8:00p,San Antonio Spurs,111,Oklahoma City Thunder,119,Box Score,,15605.0,2:09,Paycom Center,
"Wed, Nov 30, 2022",9:00p,Houston Rockets,100,Denver Nuggets,120,Box Score,,16286.0,2:03,Ball Arena,
"Wed, Nov 30, 2022",9:00p,Chicago Bulls,113,Phoenix Suns,132,Box Score,,17071.0,2:11,Footprint Center,
"Wed, Nov 30, 2022",9:00p,Los Angeles Clippers,112,Utah Jazz,125,Box Score,,18206.0,2:19,Vivint Arena,
"Wed, Nov 30, 2022",10:00p,Indiana Pacers,114,Sacramento Kings,137,Box Score,,17611.0,2:22,Golden 1 Center,
"Wed, Nov 30, 2022",10:30p,Portland Trail Blazers,109,Los Angeles Lakers,128,Box Score,,18560.0,2:08,Crypto.com Arena,
"Thu, Dec 1, 2022",7:00p,Dallas Mavericks,125,Detroit Pistons,131,Box Score,OT,18106.0,2:33,Little Caesars Arena,
"Fri, Dec 2, 2022",7:00p,Washington Wizards,116,Charlotte Hornets,117,Box Score,,15231.0,2:19,Spectrum Center,
"Fri, Dec 2, 2022",7:30p,Denver Nuggets,109,Atlanta Hawks,117,Box Score,,16974.0,2:06,State Farm Arena,
"Fri, Dec 2, 2022",7:30p,Miami Heat,120,Boston Celtics,116,Box Score,OT,19156.0,2:33,TD Garden,
"Fri, Dec 2, 2022",7:30p,Toronto Raptors,105,Brooklyn Nets,114,Box Score,,17732.0,2:17,Barclays Center,
"Fri, Dec 2, 2022",7:30p,Orlando Magic,96,Cleveland Cavaliers,107,Box Score,,19432.0,2:09,Rocket Mortgage Fieldhouse,
"Fri, Dec 2, 2022",7:30p,Los Angeles Lakers,133,Milwaukee Bucks,129,Box Score,,17938.0,2:21,Fiserv Forum,
"Fri, Dec 2, 2022",8:00p,Philadelphia 76ers,109,Memphis Grizzlies,117,Box Score,,17022.0,2:13,FedEx Forum,
"Fri, Dec 2, 2022",8:00p,New Orleans Pelicans,117,San Antonio Spurs,99,Box Score,,17202.0,2:05,AT&T Center,
"Fri, Dec 2, 2022",9:00p,Houston Rockets,122,Phoenix Suns,121,Box Score,,17071.0,2:17,Footprint Center,
"Fri, Dec 2, 2022",9:00p,Indiana Pacers,119,Utah Jazz,139,Box Score,,18206.0,2:28,Vivint Arena,
"Fri, Dec 2, 2022",10:00p,Chicago Bulls,111,Golden State Warriors,119,Box Score,,18064.0,2:24,Chase Center,
"Sat, Dec 3, 2022",12:30p,Dallas Mavericks,121,New York Knicks,100,Box Score,,18319.0,2:03,Madison Square Garden (IV),
"Sat, Dec 3, 2022",4:00p,Sacramento Kings,123,Los Angeles Clippers,96,Box Score,,16587.0,2:16,Crypto.com Arena,
"Sat, Dec 3, 2022",6:00p,Milwaukee Bucks,105,Charlotte Hornets,96,Box Score,,18128.0,2:15,Spectrum Center,
"Sat, Dec 3, 2022",8:00p,Oklahoma City Thunder,135,Minnesota Timberwolves,128,Box Score,,17136.0,2:31,Target Center,
"Sat, Dec 3, 2022",8:00p,Orlando Magic,108,Toronto Raptors,121,Box Score,,19800.0,2:12,Scotiabank Arena,
"Sat, Dec 3, 2022",8:30p,Houston Rockets,101,Golden State Warriors,120,Box Score,,18064.0,2:05,Chase Center,
"Sat, Dec 3, 2022",9:00p,Portland Trail Blazers,116,Utah Jazz,111,Box Score,,18206.0,2:15,Vivint Arena,
"Sun, Dec 4, 2022",3:30p,Denver Nuggets,106,New Orleans Pelicans,121,Box Score,,15658.0,2:19,Smoothie King Center,
"Sun, Dec 4, 2022",4:00p,Phoenix Suns,133,San Antonio Spurs,95,Box Score,,16409.0,2:08,AT&T Center,
"Sun, Dec 4, 2022",6:00p,Boston Celtics,103,Brooklyn Nets,92,Box Score,,18043.0,2:07,Barclays Center,
"Sun, Dec 4, 2022",6:00p,Memphis Grizzlies,122,Detroit Pistons,112,Box Score,,20088.0,2:13,Little Caesars Arena,
"Sun, Dec 4, 2022",6:00p,Cleveland Cavaliers,81,New York Knicks,92,Box Score,,19007.0,2:11,Madison Square Garden (IV),
"Sun, Dec 4, 2022",6:00p,Chicago Bulls,101,Sacramento Kings,110,Box Score,,17611.0,2:09,Golden 1 Center,
"Sun, Dec 4, 2022",6:00p,Los Angeles Lakers,130,Washington Wizards,119,Box Score,,19647.0,2:09,Capital One Arena,
"Sun, Dec 4, 2022",9:00p,Indiana Pacers,100,Portland Trail Blazers,116,Box Score,,17479.0,2:07,Moda Center,
"Mon, Dec 5, 2022",7:00p,Los Angeles Clippers,119,Charlotte Hornets,117,Box Score,,13945.0,2:08,Spectrum Center,
"Mon, Dec 5, 2022",7:00p,Milwaukee Bucks,109,Orlando Magic,102,Box Score,,16174.0,2:18,Amway Center,
"Mon, Dec 5, 2022",7:30p,Oklahoma City Thunder,121,Atlanta Hawks,114,Box Score,,16301.0,2:13,State Farm Arena,
"Mon, Dec 5, 2022",7:30p,Boston Celtics,116,Toronto Raptors,110,Box Score,,19800.0,2:11,Scotiabank Arena,
"Mon, Dec 5, 2022",8:00p,Philadelphia 76ers,123,Houston Rockets,132,Box Score,2OT,15331.0,2:57,Toyota Center,
"Mon, Dec 5, 2022",8:00p,Miami Heat,93,Memphis Grizzlies,101,Box Score,,16122.0,2:07,FedEx Forum,
"Mon, Dec 5, 2022",8:30p,Phoenix Suns,111,Dallas Mavericks,130,Box Score,,20227.0,2:09,American Airlines Center,
"Mon, Dec 5, 2022",10:00p,Indiana Pacers,112,Golden State Warriors,104,Box Score,,18064.0,2:15,Chase Center,
"Tue, Dec 6, 2022",7:30p,Los Angeles Lakers,102,Cleveland Cavaliers,116,Box Score,,19432.0,2:13,Rocket Mortgage Fieldhouse,
"Tue, Dec 6, 2022",7:30p,Detroit Pistons,116,Miami Heat,96,Box Score,,19600.0,2:09,Kaseya Center,
"Tue, Dec 6, 2022",10:00p,Dallas Mavericks,116,Denver Nuggets,115,Box Score,,19520.0,2:30,Ball Arena,
"Wed, Dec 7, 2022",7:00p,Los Angeles Clippers,111,Orlando Magic,116,Box Score,OT,14429.0,2:41,Amway Center,
"Wed, Dec 7, 2022",7:30p,Charlotte Hornets,116,Brooklyn Nets,122,Box Score,,16903.0,2:11,Barclays Center,
"Wed, Dec 7, 2022",7:30p,Atlanta Hawks,89,New York Knicks,113,Box Score,,18091.0,2:20,Madison Square Garden (IV),
"Wed, Dec 7, 2022",7:30p,Los Angeles Lakers,113,Toronto Raptors,126,Box Score,,19800.0,2:11,Scotiabank Arena,
"Wed, Dec 7, 2022",8:00p,Washington Wizards,111,Chicago Bulls,115,Box Score,,19265.0,2:17,United Center,
"Wed, Dec 7, 2022",8:00p,Oklahoma City Thunder,102,Memphis Grizzlies,123,Box Score,,15942.0,2:03,FedEx Forum,
"Wed, Dec 7, 2022",8:00p,Sacramento Kings,113,Milwaukee Bucks,126,Box Score,,17341.0,2:09,Fiserv Forum,
"Wed, Dec 7, 2022",8:00p,Indiana Pacers,115,Minnesota Timberwolves,121,Box Score,,15472.0,2:18,Target Center,
"Wed, Dec 7, 2022",8:00p,Detroit Pistons,98,New Orleans Pelicans,104,Box Score,,14073.0,2:14,Smoothie King Center,
"Wed, Dec 7, 2022",9:00p,Golden State Warriors,123,Utah Jazz,124,Box Score,,18206.0,2:16,Vivint Arena,
"Wed, Dec 7, 2022",10:00p,Boston Celtics,125,Phoenix Suns,98,Box Score,,17071.0,2:02,Footprint Center,
"Thu, Dec 8, 2022",7:30p,Los Angeles Clippers,110,Miami Heat,115,Box Score,,19600.0,2:09,Kaseya Center,
"Thu, Dec 8, 2022",8:30p,Houston Rockets,109,San Antonio Spurs,118,Box Score,,13140.0,2:06,AT&T Center,
"Thu, Dec 8, 2022",10:00p,Denver Nuggets,121,Portland Trail Blazers,120,Box Score,,18189.0,2:13,Moda Center,
"Fri, Dec 9, 2022",7:00p,New York Knicks,121,Charlotte Hornets,102,Box Score,,17696.0,2:15,Spectrum Center,
"Fri, Dec 9, 2022",7:00p,Washington Wizards,111,Indiana Pacers,121,Box Score,,15039.0,2:18,Gainbridge Fieldhouse,
"Fri, Dec 9, 2022",7:00p,Toronto Raptors,109,Orlando Magic,113,Box Score,,17008.0,2:11,Amway Center,
"Fri, Dec 9, 2022",7:30p,Atlanta Hawks,116,Brooklyn Nets,120,Box Score,,18072.0,2:15,Barclays Center,
"Fri, Dec 9, 2022",7:30p,Sacramento Kings,106,Cleveland Cavaliers,95,Box Score,,19432.0,2:16,Rocket Mortgage Fieldhouse,
"Fri, Dec 9, 2022",7:30p,Los Angeles Lakers,122,Philadelphia 76ers,133,Box Score,OT,20852.0,2:43,Wells Fargo Center,
"Fri, Dec 9, 2022",8:00p,Detroit Pistons,103,Memphis Grizzlies,114,Box Score,,17103.0,2:15,FedEx Forum,
"Fri, Dec 9, 2022",8:30p,Phoenix Suns,117,New Orleans Pelicans,128,Box Score,,16381.0,2:11,Smoothie King Center,
"Fri, Dec 9, 2022",9:00p,Minnesota Timberwolves,118,Utah Jazz,108,Box Score,,18206.0,2:08,Vivint Arena,
"Fri, Dec 9, 2022",10:00p,Milwaukee Bucks,106,Dallas Mavericks,105,Box Score,,20277.0,2:27,American Airlines Center,
"Sat, Dec 10, 2022",5:00p,San Antonio Spurs,115,Miami Heat,111,Box Score,,19600.0,2:20,Kaseya Center,
"Sat, Dec 10, 2022",7:00p,Brooklyn Nets,136,Indiana Pacers,133,Box Score,,14280.0,2:29,Gainbridge Fieldhouse,
"Sat, Dec 10, 2022",7:00p,Los Angeles Clippers,114,Washington Wizards,107,Box Score,,18404.0,2:17,Capital One Arena,
"Sat, Dec 10, 2022",7:30p,Oklahoma City Thunder,102,Cleveland Cavaliers,110,Box Score,,19432.0,2:06,Rocket Mortgage Fieldhouse,
"Sat, Dec 10, 2022",8:00p,Dallas Mavericks,115,Chicago Bulls,144,Box Score,,19528.0,2:02,United Center,
"Sat, Dec 10, 2022",8:30p,Boston Celtics,107,Golden State Warriors,123,Box Score,,18064.0,2:14,Chase Center,
"Sat, Dec 10, 2022",9:00p,Utah Jazz,110,Denver Nuggets,115,Box Score,,19636.0,2:07,Ball Arena,
"Sat, Dec 10, 2022",10:00p,Minnesota Timberwolves,118,Portland Trail Blazers,124,Box Score,,18324.0,2:23,Moda Center,
"Sun, Dec 11, 2022",3:30p,Phoenix Suns,124,New Orleans Pelicans,129,Box Score,OT,18681.0,2:36,Smoothie King Center,
"Sun, Dec 11, 2022",6:00p,Los Angeles Lakers,124,Detroit Pistons,117,Box Score,,20190.0,2:10,Little Caesars Arena,
"Sun, Dec 11, 2022",6:00p,Sacramento Kings,99,New York Knicks,112,Box Score,,19812.0,2:17,Madison Square Garden (IV),
"Sun, Dec 11, 2022",6:00p,Toronto Raptors,99,Orlando Magic,111,Box Score,,16891.0,2:24,Amway Center,
"Sun, Dec 11, 2022",6:00p,Charlotte Hornets,113,Philadelphia 76ers,131,Box Score,,19765.0,2:17,Wells Fargo Center,
"Sun, Dec 11, 2022",6:30p,Chicago Bulls,122,Atlanta Hawks,123,Box Score,OT,17227.0,2:39,State Farm Arena,
"Sun, Dec 11, 2022",7:00p,Milwaukee Bucks,92,Houston Rockets,97,Box Score,,16268.0,2:04,Toyota Center,
"Mon, Dec 12, 2022",7:00p,Miami Heat,87,Indiana Pacers,82,Box Score,,15309.0,2:11,Gainbridge Fieldhouse,
"Mon, Dec 12, 2022",7:00p,Brooklyn Nets,112,Washington Wizards,100,Box Score,,16090.0,2:06,Capital One Arena,
"Mon, Dec 12, 2022",8:00p,Atlanta Hawks,103,Memphis Grizzlies,128,Box Score,,16544.0,2:05,FedEx Forum,
"Mon, Dec 12, 2022",8:30p,Oklahoma City Thunder,114,Dallas Mavericks,121,Box Score,,19877.0,2:16,American Airlines Center,
"Mon, Dec 12, 2022",8:30p,Cleveland Cavaliers,111,San Antonio Spurs,112,Box Score,,13434.0,2:12,AT&T Center,
"Mon, Dec 12, 2022",10:00p,Minnesota Timberwolves,112,Portland Trail Blazers,133,Box Score,,18021.0,2:03,Moda Center,
"Mon, Dec 12, 2022",10:30p,Boston Celtics,93,Los Angeles Clippers,113,Box Score,,19068.0,2:16,Crypto.com Arena,
"Tue, Dec 13, 2022",7:00p,Sacramento Kings,103,Philadelphia 76ers,123,Box Score,,19768.0,2:14,Wells Fargo Center,
"Tue, Dec 13, 2022",7:30p,Golden State Warriors,111,Milwaukee Bucks,128,Box Score,,17628.0,2:22,Fiserv Forum,
"Tue, Dec 13, 2022",8:00p,Phoenix Suns,97,Houston Rockets,111,Box Score,,15128.0,2:11,Toyota Center,
"Tue, Dec 13, 2022",9:00p,New Orleans Pelicans,100,Utah Jazz,121,Box Score,,18206.0,2:14,Vivint Arena,
"Tue, Dec 13, 2022",10:00p,Boston Celtics,122,Los Angeles Lakers,118,Box Score,OT,18661.0,2:29,Crypto.com Arena,
"Wed, Dec 14, 2022",7:00p,Detroit Pistons,141,Charlotte Hornets,134,Box Score,OT,14303.0,2:36,Spectrum Center,
"Wed, Dec 14, 2022",7:00p,Golden State Warriors,119,Indiana Pacers,125,Box Score,,15069.0,2:18,Gainbridge Fieldhouse,
"Wed, Dec 14, 2022",7:00p,Atlanta Hawks,124,Orlando Magic,135,Box Score,,16002.0,2:17,Amway Center,
"Wed, Dec 14, 2022",7:30p,New York Knicks,128,Chicago Bulls,120,Box Score,OT,18820.0,2:38,United Center,
"Wed, Dec 14, 2022",7:30p,Sacramento Kings,124,Toronto Raptors,123,Box Score,,19800.0,2:16,Scotiabank Arena,
"Wed, Dec 14, 2022",8:00p,Miami Heat,110,Oklahoma City Thunder,108,Box Score,,14783.0,2:09,Paycom Center,
"Wed, Dec 14, 2022",8:00p,Portland Trail Blazers,128,San Antonio Spurs,112,Box Score,,13657.0,2:08,AT&T Center,
"Wed, Dec 14, 2022",9:00p,Cleveland Cavaliers,105,Dallas Mavericks,90,Box Score,,20093.0,2:08,American Airlines Center,
"Wed, Dec 14, 2022",9:00p,Washington Wizards,128,Denver Nuggets,141,Box Score,,19550.0,2:17,Ball Arena,
"Wed, Dec 14, 2022",10:00p,Minnesota Timberwolves,88,Los Angeles Clippers,99,Box Score,,14063.0,2:20,Crypto.com Arena,
"Thu, Dec 15, 2022",8:00p,Miami Heat,111,Houston Rockets,108,Box Score,,16210.0,2:14,Toyota Center,
"Thu, Dec 15, 2022",8:00p,Milwaukee Bucks,101,Memphis Grizzlies,142,Box Score,,17794.0,2:14,FedEx Forum,
"Thu, Dec 15, 2022",9:00p,New Orleans Pelicans,129,Utah Jazz,132,Box Score,OT,18206.0,2:48,Vivint Arena,
"Thu, Dec 15, 2022",10:30p,Phoenix Suns,111,Los Angeles Clippers,95,Box Score,,15778.0,2:08,Crypto.com Arena,
"Fri, Dec 16, 2022",7:00p,Atlanta Hawks,125,Charlotte Hornets,106,Box Score,,17772.0,2:13,Spectrum Center,
"Fri, Dec 16, 2022",7:00p,Sacramento Kings,122,Detroit Pistons,113,Box Score,,17892.0,2:19,Little Caesars Arena,
"Fri, Dec 16, 2022",7:30p,Orlando Magic,117,Boston Celtics,109,Box Score,,19156.0,2:26,TD Garden,
"Fri, Dec 16, 2022",7:30p,Indiana Pacers,112,Cleveland Cavaliers,118,Box Score,,19432.0,2:09,Rocket Mortgage Fieldhouse,
"Fri, Dec 16, 2022",7:30p,Golden State Warriors,106,Philadelphia 76ers,118,Box Score,,20567.0,2:14,Wells Fargo Center,
"Fri, Dec 16, 2022",7:30p,Brooklyn Nets,119,Toronto Raptors,116,Box Score,,19800.0,,Scotiabank Arena,
"Fri, Dec 16, 2022",8:00p,New York Knicks,114,Chicago Bulls,91,Box Score,,19661.0,2:07,United Center,
"Fri, Dec 16, 2022",8:00p,Minnesota Timberwolves,112,Oklahoma City Thunder,110,Box Score,,14885.0,2:17,Paycom Center,
"Fri, Dec 16, 2022",8:30p,Portland Trail Blazers,110,Dallas Mavericks,130,Box Score,,20191.0,2:09,American Airlines Center,
"Fri, Dec 16, 2022",10:00p,Denver Nuggets,108,Los Angeles Lakers,126,Box Score,,18505.0,2:21,Crypto.com Arena,
"Sat, Dec 17, 2022",4:00p,Washington Wizards,93,Los Angeles Clippers,102,Box Score,,15018.0,2:17,Crypto.com Arena,
"Sat, Dec 17, 2022",5:00p,Miami Heat,111,San Antonio Spurs,101,Box Score,,20160.0,2:33,Mexico City Arena,
"Sat, Dec 17, 2022",8:00p,Dallas Mavericks,99,Cleveland Cavaliers,100,Box Score,OT,19432.0,2:37,Rocket Mortgage Fieldhouse,
"Sat, Dec 17, 2022",8:00p,Portland Trail Blazers,107,Houston Rockets,95,Box Score,,16217.0,2:15,Toyota Center,
"Sat, Dec 17, 2022",8:00p,Utah Jazz,97,Milwaukee Bucks,123,Box Score,,17587.0,1:56,Fiserv Forum,
"Sat, Dec 17, 2022",8:00p,Memphis Grizzlies,109,Oklahoma City Thunder,115,Box Score,,16895.0,2:19,Paycom Center,
"Sat, Dec 17, 2022",9:00p,New Orleans Pelicans,114,Phoenix Suns,118,Box Score,,17071.0,2:19,Footprint Center,
"Sun, Dec 18, 2022",3:00p,Orlando Magic,95,Boston Celtics,92,Box Score,,19156.0,2:09,TD Garden,
"Sun, Dec 18, 2022",5:00p,New York Knicks,109,Indiana Pacers,106,Box Score,,14513.0,2:25,Gainbridge Fieldhouse,
"Sun, Dec 18, 2022",6:00p,Brooklyn Nets,124,Detroit Pistons,121,Box Score,,19488.0,2:18,Little Caesars Arena,
"Sun, Dec 18, 2022",6:00p,Golden State Warriors,126,Toronto Raptors,110,Box Score,,19800.0,2:19,Scotiabank Arena,
"Sun, Dec 18, 2022",7:00p,Chicago Bulls,126,Minnesota Timberwolves,150,Box Score,,16294.0,2:07,Target Center,
"Sun, Dec 18, 2022",8:00p,Charlotte Hornets,115,Denver Nuggets,119,Box Score,,19235.0,2:18,Ball Arena,
"Sun, Dec 18, 2022",9:30p,Washington Wizards,117,Los Angeles Lakers,119,Box Score,,18153.0,2:10,Crypto.com Arena,
"Mon, Dec 19, 2022",7:00p,Utah Jazz,99,Cleveland Cavaliers,122,Box Score,,19432.0,2:06,Rocket Mortgage Fieldhouse,
"Mon, Dec 19, 2022",7:00p,Toronto Raptors,101,Philadelphia 76ers,104,Box Score,OT,20408.0,2:30,Wells Fargo Center,
"Mon, Dec 19, 2022",7:30p,Orlando Magic,125,Atlanta Hawks,126,Box Score,,17809.0,2:19,State Farm Arena,
"Mon, Dec 19, 2022",8:00p,San Antonio Spurs,124,Houston Rockets,105,Box Score,,15928.0,2:09,Toyota Center,
"Mon, Dec 19, 2022",8:00p,Dallas Mavericks,106,Minnesota Timberwolves,116,Box Score,,16627.0,2:12,Target Center,
"Mon, Dec 19, 2022",8:00p,Milwaukee Bucks,128,New Orleans Pelicans,119,Box Score,,18271.0,2:21,Smoothie King Center,
"Mon, Dec 19, 2022",8:00p,Portland Trail Blazers,121,Oklahoma City Thunder,123,Box Score,,14672.0,2:18,Paycom Center,
"Mon, Dec 19, 2022",9:00p,Los Angeles Lakers,104,Phoenix Suns,130,Box Score,,17071.0,2:04,Footprint Center,
"Mon, Dec 19, 2022",10:00p,Charlotte Hornets,125,Sacramento Kings,119,Box Score,,17803.0,2:24,Golden 1 Center,
"Tue, Dec 20, 2022",7:00p,Utah Jazz,126,Detroit Pistons,111,Box Score,,15622.0,2:06,Little Caesars Arena,
"Tue, Dec 20, 2022",7:30p,Chicago Bulls,113,Miami Heat,103,Box Score,,19969.0,2:04,Kaseya Center,
"Tue, Dec 20, 2022",7:30p,Golden State Warriors,94,New York Knicks,132,Box Score,,19812.0,2:14,Madison Square Garden (IV),
"Tue, Dec 20, 2022",9:00p,Washington Wizards,113,Phoenix Suns,110,Box Score,,17071.0,2:19,Footprint Center,
"Tue, Dec 20, 2022",10:00p,Memphis Grizzlies,91,Denver Nuggets,105,Box Score,,19605.0,2:22,Ball Arena,
"Wed, Dec 21, 2022",7:00p,Milwaukee Bucks,106,Cleveland Cavaliers,114,Box Score,,19432.0,2:23,Rocket Mortgage Fieldhouse,
"Wed, Dec 21, 2022",7:00p,Detroit Pistons,93,Philadelphia 76ers,113,Box Score,,20615.0,2:13,Wells Fargo Center,
"Wed, Dec 21, 2022",7:30p,Chicago Bulls,110,Atlanta Hawks,108,Box Score,,17226.0,2:13,State Farm Arena,
"Wed, Dec 21, 2022",7:30p,Indiana Pacers,117,Boston Celtics,112,Box Score,,19156.0,2:10,TD Garden,
"Wed, Dec 21, 2022",7:30p,Golden State Warriors,113,Brooklyn Nets,143,Box Score,,18026.0,2:05,Barclays Center,
"Wed, Dec 21, 2022",7:30p,Toronto Raptors,113,New York Knicks,106,Box Score,,19294.0,2:15,Madison Square Garden (IV),
"Wed, Dec 21, 2022",8:00p,Orlando Magic,116,Houston Rockets,110,Box Score,,15965.0,2:08,Toyota Center,
"Wed, Dec 21, 2022",8:00p,Dallas Mavericks,104,Minnesota Timberwolves,99,Box Score,,16164.0,2:08,Target Center,
"Wed, Dec 21, 2022",8:00p,Portland Trail Blazers,98,Oklahoma City Thunder,101,Box Score,,15107.0,2:11,Paycom Center,
"Wed, Dec 21, 2022",10:00p,Los Angeles Lakers,120,Sacramento Kings,134,Box Score,,17611.0,2:20,Golden 1 Center,
"Wed, Dec 21, 2022",10:30p,Charlotte Hornets,105,Los Angeles Clippers,126,Box Score,,19068.0,2:18,Crypto.com Arena,
"Thu, Dec 22, 2022",8:00p,San Antonio Spurs,117,New Orleans Pelicans,126,Box Score,,16417.0,2:13,Smoothie King Center,
"Thu, Dec 22, 2022",9:00p,Washington Wizards,112,Utah Jazz,120,Box Score,,18206.0,2:06,Vivint Arena,
"Fri, Dec 23, 2022",7:00p,San Antonio Spurs,113,Orlando Magic,133,Box Score,,18425.0,2:11,Amway Center,
"Fri, Dec 23, 2022",7:00p,Los Angeles Clippers,114,Philadelphia 76ers,119,Box Score,,19996.0,2:16,Wells Fargo Center,
"Fri, Dec 23, 2022",7:30p,Detroit Pistons,105,Atlanta Hawks,130,Box Score,,17028.0,2:08,State Farm Arena,
"Fri, Dec 23, 2022",7:30p,Minnesota Timberwolves,109,Boston Celtics,121,Box Score,,19156.0,2:07,TD Garden,
"Fri, Dec 23, 2022",7:30p,Milwaukee Bucks,100,Brooklyn Nets,118,Box Score,,18169.0,2:09,Barclays Center,
"Fri, Dec 23, 2022",7:30p,Toronto Raptors,118,Cleveland Cavaliers,107,Box Score,,19432.0,2:04,Rocket Mortgage Fieldhouse,
"Fri, Dec 23, 2022",7:30p,Chicago Bulls,118,New York Knicks,117,Box Score,,19812.0,2:14,Madison Square Garden (IV),
"Fri, Dec 23, 2022",8:00p,Dallas Mavericks,112,Houston Rockets,106,Box Score,,16989.0,2:19,Toyota Center,
"Fri, Dec 23, 2022",8:00p,Indiana Pacers,111,Miami Heat,108,Box Score,,19600.0,2:13,Kaseya Center,
"Fri, Dec 23, 2022",8:00p,New Orleans Pelicans,128,Oklahoma City Thunder,125,Box Score,OT,15214.0,2:32,Paycom Center,
"Fri, Dec 23, 2022",9:00p,Portland Trail Blazers,107,Denver Nuggets,120,Box Score,,19619.0,2:14,Ball Arena,
"Fri, Dec 23, 2022",10:00p,Memphis Grizzlies,125,Phoenix Suns,100,Box Score,,17071.0,2:25,Footprint Center,
"Fri, Dec 23, 2022",10:00p,Washington Wizards,125,Sacramento Kings,111,Box Score,,17894.0,2:16,Golden 1 Center,
"Fri, Dec 23, 2022",10:30p,Charlotte Hornets,134,Los Angeles Lakers,130,Box Score,,18997.0,2:18,Crypto.com Arena,
"Sun, Dec 25, 2022",12:00p,Philadelphia 76ers,119,New York Knicks,112,Box Score,,19812.0,2:16,Madison Square Garden (IV),
"Sun, Dec 25, 2022",2:30p,Los Angeles Lakers,115,Dallas Mavericks,124,Box Score,,20441.0,2:23,American Airlines Center,
"Sun, Dec 25, 2022",5:00p,Milwaukee Bucks,118,Boston Celtics,139,Box Score,,19156.0,2:25,TD Garden,
"Sun, Dec 25, 2022",8:00p,Memphis Grizzlies,109,Golden State Warriors,123,Box Score,,18064.0,2:31,Chase Center,
"Sun, Dec 25, 2022",10:30p,Phoenix Suns,125,Denver Nuggets,128,Box Score,OT,19642.0,2:51,Ball Arena,
"Mon, Dec 26, 2022",7:00p,Brooklyn Nets,125,Cleveland Cavaliers,117,Box Score,,19432.0,2:21,Rocket Mortgage Fieldhouse,
"Mon, Dec 26, 2022",7:00p,Los Angeles Clippers,142,Detroit Pistons,131,Box Score,OT,20190.0,2:38,Little Caesars Arena,
"Mon, Dec 26, 2022",7:30p,Minnesota Timberwolves,110,Miami Heat,113,Box Score,,19911.0,2:11,Kaseya Center,
"Mon, Dec 26, 2022",8:00p,Houston Rockets,133,Chicago Bulls,118,Box Score,,21561.0,2:03,United Center,
"Mon, Dec 26, 2022",8:00p,Indiana Pacers,93,New Orleans Pelicans,113,Box Score,,18636.0,2:10,Smoothie King Center,
"Mon, Dec 26, 2022",8:00p,Utah Jazz,122,San Antonio Spurs,126,Box Score,,16351.0,2:18,AT&T Center,
"Mon, Dec 26, 2022",10:00p,Charlotte Hornets,113,Portland Trail Blazers,124,Box Score,,19530.0,2:15,Moda Center,
"Tue, Dec 27, 2022",7:00p,Los Angeles Lakers,129,Orlando Magic,110,Box Score,,19482.0,2:03,Amway Center,
"Tue, Dec 27, 2022",7:00p,Philadelphia 76ers,111,Washington Wizards,116,Box Score,,20476.0,2:26,Capital One Arena,
"Tue, Dec 27, 2022",7:30p,Houston Rockets,102,Boston Celtics,126,Box Score,,19156.0,2:01,TD Garden,
"Tue, Dec 27, 2022",7:30p,Atlanta Hawks,114,Indiana Pacers,129,Box Score,,16738.0,2:14,Gainbridge Fieldhouse,
"Tue, Dec 27, 2022",7:30p,Los Angeles Clippers,124,Toronto Raptors,113,Box Score,,19800.0,2:09,Scotiabank Arena,
"Tue, Dec 27, 2022",8:00p,Phoenix Suns,125,Memphis Grizzlies,108,Box Score,,18239.0,2:24,FedEx Forum,
"Tue, Dec 27, 2022",8:00p,San Antonio Spurs,114,Oklahoma City Thunder,130,Box Score,,16229.0,2:10,Paycom Center,
"Tue, Dec 27, 2022",8:30p,New York Knicks,121,Dallas Mavericks,126,Box Score,OT,20377.0,2:31,American Airlines Center,
"Tue, Dec 27, 2022",10:00p,Charlotte Hornets,105,Golden State Warriors,110,Box Score,,18064.0,2:15,Chase Center,
"Tue, Dec 27, 2022",10:00p,Denver Nuggets,113,Sacramento Kings,106,Box Score,,17937.0,2:12,Golden 1 Center,
"Wed, Dec 28, 2022",7:00p,Orlando Magic,101,Detroit Pistons,121,Box Score,,20190.0,2:34,Little Caesars Arena,
"Wed, Dec 28, 2022",7:00p,Phoenix Suns,102,Washington Wizards,127,Box Score,,20476.0,2:16,Capital One Arena,
"Wed, Dec 28, 2022",7:30p,Brooklyn Nets,108,Atlanta Hawks,107,Box Score,,18030.0,2:05,State Farm Arena,
"Wed, Dec 28, 2022",7:30p,Los Angeles Lakers,98,Miami Heat,112,Box Score,,20221.0,2:07,Kaseya Center,
"Wed, Dec 28, 2022",8:00p,Milwaukee Bucks,113,Chicago Bulls,119,Box Score,OT,21537.0,2:45,United Center,
"Wed, Dec 28, 2022",8:00p,Minnesota Timberwolves,118,New Orleans Pelicans,119,Box Score,,18669.0,2:35,Smoothie King Center,
"Wed, Dec 28, 2022",10:00p,Utah Jazz,107,Golden State Warriors,112,Box Score,,18064.0,2:18,Chase Center,
"Wed, Dec 28, 2022",10:00p,Denver Nuggets,126,Sacramento Kings,127,Box Score,,17985.0,2:12,Golden 1 Center,
"Thu, Dec 29, 2022",7:00p,Oklahoma City Thunder,113,Charlotte Hornets,121,Box Score,,19425.0,2:10,Spectrum Center,
"Thu, Dec 29, 2022",7:00p,Cleveland Cavaliers,126,Indiana Pacers,135,Box Score,,17274.0,2:10,Gainbridge Fieldhouse,
"Thu, Dec 29, 2022",7:30p,Los Angeles Clippers,110,Boston Celtics,116,Box Score,,19156.0,2:11,TD Garden,
"Thu, Dec 29, 2022",7:30p,Memphis Grizzlies,119,Toronto Raptors,106,Box Score,,19800.0,2:11,Scotiabank Arena,
"Thu, Dec 29, 2022",8:00p,New York Knicks,115,San Antonio Spurs,122,Box Score,,18354.0,2:19,AT&T Center,
"Thu, Dec 29, 2022",8:30p,Houston Rockets,114,Dallas Mavericks,129,Box Score,,20307.0,2:12,American Airlines Center,
"Fri, Dec 30, 2022",7:00p,Washington Wizards,119,Orlando Magic,100,Box Score,,19040.0,2:10,Amway Center,
"Fri, Dec 30, 2022",7:30p,Los Angeles Lakers,130,Atlanta Hawks,121,Box Score,,17984.0,2:10,State Farm Arena,
"Fri, Dec 30, 2022",7:30p,Phoenix Suns,104,Toronto Raptors,113,Box Score,,19800.0,2:19,Scotiabank Arena,
"Fri, Dec 30, 2022",8:00p,Detroit Pistons,118,Chicago Bulls,132,Box Score,,21667.0,2:09,United Center,
"Fri, Dec 30, 2022",8:00p,Minnesota Timberwolves,114,Milwaukee Bucks,123,Box Score,,18018.0,2:29,Fiserv Forum,
"Fri, Dec 30, 2022",8:30p,Philadelphia 76ers,116,New Orleans Pelicans,127,Box Score,,18656.0,2:18,Smoothie King Center,
"Fri, Dec 30, 2022",9:00p,Miami Heat,119,Denver Nuggets,124,Box Score,,19638.0,2:16,Ball Arena,
"Fri, Dec 30, 2022",10:00p,Portland Trail Blazers,112,Golden State Warriors,118,Box Score,,18064.0,2:16,Chase Center,
"Fri, Dec 30, 2022",10:00p,Utah Jazz,125,Sacramento Kings,126,Box Score,,17946.0,2:19,Golden 1 Center,
"Sat, Dec 31, 2022",3:00p,Los Angeles Clippers,130,Indiana Pacers,131,Box Score,,16731.0,2:18,Gainbridge Fieldhouse,
"Sat, Dec 31, 2022",7:00p,Cleveland Cavaliers,103,Chicago Bulls,102,Box Score,,21524.0,2:11,United Center,
"Sat, Dec 31, 2022",7:00p,Brooklyn Nets,123,Charlotte Hornets,106,Box Score,,19386.0,2:05,Spectrum Center,
"Sat, Dec 31, 2022",7:00p,New York Knicks,108,Houston Rockets,88,Box Score,,18055.0,2:13,Toyota Center,
"Sat, Dec 31, 2022",7:00p,Dallas Mavericks,126,San Antonio Spurs,125,Box Score,,18354.0,2:18,AT&T Center,
"Sat, Dec 31, 2022",8:00p,New Orleans Pelicans,101,Memphis Grizzlies,116,Box Score,,17951.0,2:37,FedEx Forum,
"Sat, Dec 31, 2022",8:00p,Detroit Pistons,116,Minnesota Timberwolves,104,Box Score,,16233.0,2:17,Target Center,
"Sat, Dec 31, 2022",8:00p,Philadelphia 76ers,115,Oklahoma City Thunder,96,Box Score,,17147.0,2:08,Paycom Center,
"Sat, Dec 31, 2022",9:00p,Miami Heat,126,Utah Jazz,123,Box Score,,18206.0,2:26,Vivint Arena,
"Sun, Jan 1, 2023",8:00p,Boston Celtics,111,Denver Nuggets,123,Box Score,,19641.0,2:40,Ball Arena,
"Sun, Jan 1, 2023",8:00p,Sacramento Kings,108,Memphis Grizzlies,118,Box Score,,17794.0,2:11,FedEx Forum,
"Sun, Jan 1, 2023",8:00p,Washington Wizards,118,Milwaukee Bucks,95,Box Score,,17341.0,2:00,Fiserv Forum,
"Mon, Jan 2, 2023",3:00p,Phoenix Suns,83,New York Knicks,102,Box Score,,19812.0,2:01,Madison Square Garden (IV),
"Mon, Jan 2, 2023",7:00p,Los Angeles Lakers,121,Charlotte Hornets,115,Box Score,,19210.0,2:18,Spectrum Center,
"Mon, Jan 2, 2023",7:00p,Chicago Bulls,134,Cleveland Cavaliers,145,Box Score,OT,19432.0,2:50,Rocket Mortgage Fieldhouse,
"Mon, Jan 2, 2023",7:00p,Toronto Raptors,114,Indiana Pacers,122,Box Score,,14054.0,2:25,Gainbridge Fieldhouse,
"Mon, Jan 2, 2023",7:00p,New Orleans Pelicans,111,Philadelphia 76ers,120,Box Score,,20531.0,2:09,Wells Fargo Center,
"Mon, Jan 2, 2023",7:30p,San Antonio Spurs,103,Brooklyn Nets,139,Box Score,,18224.0,1:58,Barclays Center,
"Mon, Jan 2, 2023",8:00p,Dallas Mavericks,111,Houston Rockets,106,Box Score,,18055.0,2:21,Toyota Center,
"Mon, Jan 2, 2023",8:00p,Denver Nuggets,111,Minnesota Timberwolves,124,Box Score,,15962.0,2:12,Target Center,
"Mon, Jan 2, 2023",10:00p,Atlanta Hawks,141,Golden State Warriors,143,Box Score,2OT,18064.0,2:45,Chase Center,
"Mon, Jan 2, 2023",10:00p,Detroit Pistons,106,Portland Trail Blazers,135,Box Score,,19393.0,2:24,Moda Center,
"Mon, Jan 2, 2023",10:30p,Miami Heat,110,Los Angeles Clippers,100,Box Score,,19068.0,2:15,Crypto.com Arena,
"Tue, Jan 3, 2023",8:00p,Washington Wizards,113,Milwaukee Bucks,123,Box Score,,17341.0,2:10,Fiserv Forum,
"Tue, Jan 3, 2023",8:00p,Boston Celtics,117,Oklahoma City Thunder,150,Box Score,,16778.0,2:09,Paycom Center,
"Tue, Jan 3, 2023",9:00p,Sacramento Kings,117,Utah Jazz,115,Box Score,,18206.0,2:17,Vivint Arena,
"Wed, Jan 4, 2023",7:00p,Memphis Grizzlies,131,Charlotte Hornets,107,Box Score,,19249.0,2:09,Spectrum Center,
"Wed, Jan 4, 2023",7:00p,Phoenix Suns,88,Cleveland Cavaliers,90,Box Score,,19432.0,2:14,Rocket Mortgage Fieldhouse,
"Wed, Jan 4, 2023",7:00p,Oklahoma City Thunder,115,Orlando Magic,126,Box Score,,18925.0,2:16,Amway Center,
"Wed, Jan 4, 2023",7:00p,Indiana Pacers,126,Philadelphia 76ers,129,Box Score,OT,20033.0,2:26,Wells Fargo Center,
"Wed, Jan 4, 2023",7:30p,San Antonio Spurs,114,New York Knicks,117,Box Score,,19812.0,2:20,Madison Square Garden (IV),
"Wed, Jan 4, 2023",7:30p,Milwaukee Bucks,104,Toronto Raptors,101,Box Score,OT,19800.0,2:44,Scotiabank Arena,
"Wed, Jan 4, 2023",8:00p,Brooklyn Nets,112,Chicago Bulls,121,Box Score,,21418.0,2:12,United Center,
"Wed, Jan 4, 2023",8:00p,Portland Trail Blazers,106,Minnesota Timberwolves,113,Box Score,,15434.0,2:24,Target Center,
"Wed, Jan 4, 2023",8:00p,Houston Rockets,108,New Orleans Pelicans,119,Box Score,,17295.0,2:09,Smoothie King Center,
"Wed, Jan 4, 2023",10:00p,Detroit Pistons,122,Golden State Warriors,119,Box Score,,18064.0,2:11,Chase Center,
"Wed, Jan 4, 2023",10:00p,Miami Heat,109,Los Angeles Lakers,112,Box Score,,18997.0,2:27,Crypto.com Arena,
"Wed, Jan 4, 2023",10:00p,Atlanta Hawks,120,Sacramento Kings,117,Box Score,,17611.0,2:15,Golden 1 Center,
"Thu, Jan 5, 2023",7:00p,Memphis Grizzlies,123,Orlando Magic,115,Box Score,,19184.0,2:18,Amway Center,
"Thu, Jan 5, 2023",7:30p,Boston Celtics,124,Dallas Mavericks,95,Box Score,,20413.0,2:18,American Airlines Center,
"Thu, Jan 5, 2023",8:00p,Utah Jazz,131,Houston Rockets,114,Box Score,,16320.0,2:08,Toyota Center,
"Thu, Jan 5, 2023",10:00p,Los Angeles Clippers,91,Denver Nuggets,122,Box Score,,19087.0,2:06,Ball Arena,
"Fri, Jan 6, 2023",7:00p,Portland Trail Blazers,99,Indiana Pacers,108,Box Score,,16548.0,2:12,Gainbridge Fieldhouse,
"Fri, Jan 6, 2023",7:00p,Chicago Bulls,126,Philadelphia 76ers,112,Box Score,,20766.0,2:04,Wells Fargo Center,
"Fri, Jan 6, 2023",7:30p,Brooklyn Nets,108,New Orleans Pelicans,102,Box Score,,18636.0,2:22,Smoothie King Center,
"Fri, Jan 6, 2023",7:30p,New York Knicks,112,Toronto Raptors,108,Box Score,,19800.0,2:24,Scotiabank Arena,
"Fri, Jan 6, 2023",8:00p,Charlotte Hornets,138,Milwaukee Bucks,109,Box Score,,17627.0,2:06,Fiserv Forum,
"Fri, Jan 6, 2023",8:00p,Washington Wizards,110,Oklahoma City Thunder,127,Box Score,,14790.0,2:08,Paycom Center,
"Fri, Jan 6, 2023",8:00p,Detroit Pistons,109,San Antonio Spurs,121,Box Score,,13107.0,2:09,AT&T Center,
"Fri, Jan 6, 2023",9:00p,Cleveland Cavaliers,108,Denver Nuggets,121,Box Score,,19638.0,2:23,Ball Arena,
"Fri, Jan 6, 2023",9:00p,Los Angeles Clippers,115,Minnesota Timberwolves,128,Box Score,,17136.0,2:18,Target Center,
"Fri, Jan 6, 2023",10:00p,Miami Heat,104,Phoenix Suns,96,Box Score,,17071.0,2:27,Footprint Center,
"Fri, Jan 6, 2023",10:30p,Atlanta Hawks,114,Los Angeles Lakers,130,Box Score,,18997.0,2:01,Crypto.com Arena,
"Sat, Jan 7, 2023",6:00p,Boston Celtics,121,San Antonio Spurs,116,Box Score,,18354.0,2:08,AT&T Center,
"Sat, Jan 7, 2023",8:00p,Utah Jazz,118,Chicago Bulls,126,Box Score,,21694.0,2:12,United Center,
"Sat, Jan 7, 2023",8:00p,New Orleans Pelicans,117,Dallas Mavericks,127,Box Score,,20300.0,2:16,American Airlines Center,
"Sat, Jan 7, 2023",8:30p,Orlando Magic,115,Golden State Warriors,101,Box Score,,18064.0,2:07,Chase Center,
"Sat, Jan 7, 2023",10:00p,Los Angeles Lakers,136,Sacramento Kings,134,Box Score,,17611.0,2:31,Golden 1 Center,
"Sun, Jan 8, 2023",3:00p,Philadelphia 76ers,123,Detroit Pistons,111,Box Score,,18898.0,2:11,Little Caesars Arena,
"Sun, Jan 8, 2023",3:30p,Portland Trail Blazers,105,Toronto Raptors,117,Box Score,,19800.0,2:29,Scotiabank Arena,
"Sun, Jan 8, 2023",5:00p,Charlotte Hornets,111,Indiana Pacers,116,Box Score,,15805.0,2:21,Gainbridge Fieldhouse,
"Sun, Jan 8, 2023",6:00p,Utah Jazz,118,Memphis Grizzlies,123,Box Score,,17794.0,2:15,FedEx Forum,
"Sun, Jan 8, 2023",6:00p,Brooklyn Nets,102,Miami Heat,101,Box Score,,19901.0,2:13,Kaseya Center,
"Sun, Jan 8, 2023",7:00p,Minnesota Timberwolves,104,Houston Rockets,96,Box Score,,18055.0,2:09,Toyota Center,
"Sun, Jan 8, 2023",7:00p,Dallas Mavericks,109,Oklahoma City Thunder,120,Box Score,,16317.0,2:17,Paycom Center,
"Sun, Jan 8, 2023",8:00p,Cleveland Cavaliers,112,Phoenix Suns,98,Box Score,,17071.0,1:55,Footprint Center,
"Sun, Jan 8, 2023",9:00p,Atlanta Hawks,112,Los Angeles Clippers,108,Box Score,,19068.0,2:12,Crypto.com Arena,
"Mon, Jan 9, 2023",7:00p,New Orleans Pelicans,132,Washington Wizards,112,Box Score,,16223.0,2:18,Capital One Arena,
"Mon, Jan 9, 2023",7:30p,Chicago Bulls,99,Boston Celtics,107,Box Score,,19156.0,2:02,TD Garden,
"Mon, Jan 9, 2023",7:30p,Milwaukee Bucks,111,New York Knicks,107,Box Score,,18167.0,2:19,Madison Square Garden (IV),
"Mon, Jan 9, 2023",8:00p,San Antonio Spurs,113,Memphis Grizzlies,121,Box Score,,16013.0,2:10,FedEx Forum,
"Mon, Jan 9, 2023",9:00p,Los Angeles Lakers,109,Denver Nuggets,122,Box Score,,19609.0,2:10,Ball Arena,
"Mon, Jan 9, 2023",10:00p,Orlando Magic,111,Sacramento Kings,136,Box Score,,16499.0,2:05,Golden 1 Center,
"Tue, Jan 10, 2023",7:00p,Detroit Pistons,116,Philadelphia 76ers,147,Box Score,,20221.0,2:14,Wells Fargo Center,
"Tue, Jan 10, 2023",7:30p,Oklahoma City Thunder,111,Miami Heat,112,Box Score,,19600.0,2:32,Kaseya Center,
"Tue, Jan 10, 2023",7:30p,Charlotte Hornets,120,Toronto Raptors,132,Box Score,,19800.0,2:10,Scotiabank Arena,
"Tue, Jan 10, 2023",9:00p,Cleveland Cavaliers,114,Utah Jazz,116,Box Score,,18206.0,2:27,Vivint Arena,
"Tue, Jan 10, 2023",10:00p,Phoenix Suns,125,Golden State Warriors,113,Box Score,,18064.0,2:31,Chase Center,
"Tue, Jan 10, 2023",10:00p,Orlando Magic,109,Portland Trail Blazers,106,Box Score,,18176.0,2:14,Moda Center,
"Tue, Jan 10, 2023",10:30p,Dallas Mavericks,101,Los Angeles Clippers,113,Box Score,,15828.0,2:14,Crypto.com Arena,
"Wed, Jan 11, 2023",7:00p,Minnesota Timberwolves,118,Detroit Pistons,135,Box Score,,15906.0,2:13,Little Caesars Arena,
"Wed, Jan 11, 2023",7:00p,Chicago Bulls,97,Washington Wizards,100,Box Score,,17032.0,2:07,Capital One Arena,
"Wed, Jan 11, 2023",7:30p,Milwaukee Bucks,114,Atlanta Hawks,105,Box Score,,17154.0,2:13,State Farm Arena,
"Wed, Jan 11, 2023",7:30p,New Orleans Pelicans,114,Boston Celtics,125,Box Score,,19156.0,2:00,TD Garden,
"Wed, Jan 11, 2023",7:30p,Indiana Pacers,113,New York Knicks,119,Box Score,,18249.0,2:16,Madison Square Garden (IV),
"Wed, Jan 11, 2023",8:00p,San Antonio Spurs,129,Memphis Grizzlies,135,Box Score,,16454.0,2:13,FedEx Forum,
"Wed, Jan 11, 2023",10:00p,Phoenix Suns,97,Denver Nuggets,126,Box Score,,18872.0,2:16,Ball Arena,
"Wed, Jan 11, 2023",10:00p,Houston Rockets,115,Sacramento Kings,135,Box Score,,16057.0,2:15,Golden 1 Center,
"Thu, Jan 12, 2023",7:00p,Oklahoma City Thunder,133,Philadelphia 76ers,114,Box Score,,20892.0,2:16,Wells Fargo Center,
"Thu, Jan 12, 2023",7:30p,Boston Celtics,109,Brooklyn Nets,98,Box Score,,18125.0,2:13,Barclays Center,
"Thu, Jan 12, 2023",7:30p,Milwaukee Bucks,102,Miami Heat,108,Box Score,,19600.0,2:00,Kaseya Center,
"Thu, Jan 12, 2023",7:30p,Charlotte Hornets,114,Toronto Raptors,124,Box Score,,19800.0,2:20,Scotiabank Arena,
"Thu, Jan 12, 2023",10:00p,Dallas Mavericks,119,Los Angeles Lakers,115,Box Score,2OT,18997.0,2:52,Crypto.com Arena,
"Thu, Jan 12, 2023",10:00p,Cleveland Cavaliers,119,Portland Trail Blazers,113,Box Score,,18105.0,2:19,Moda Center,
"Fri, Jan 13, 2023",7:00p,New Orleans Pelicans,116,Detroit Pistons,110,Box Score,,18989.0,2:16,Little Caesars Arena,
"Fri, Jan 13, 2023",7:00p,Atlanta Hawks,113,Indiana Pacers,111,Box Score,,16071.0,2:22,Gainbridge Fieldhouse,
"Fri, Jan 13, 2023",7:00p,New York Knicks,112,Washington Wizards,108,Box Score,,20476.0,2:21,Capital One Arena,
"Fri, Jan 13, 2023",7:30p,Golden State Warriors,144,San Antonio Spurs,113,Box Score,,68323.0,2:22,Alamodome,
"Fri, Jan 13, 2023",8:00p,Oklahoma City Thunder,124,Chicago Bulls,110,Box Score,,21342.0,2:07,United Center,
"Fri, Jan 13, 2023",8:00p,Phoenix Suns,116,Minnesota Timberwolves,121,Box Score,,16460.0,2:19,Target Center,
"Fri, Jan 13, 2023",9:00p,Orlando Magic,108,Utah Jazz,112,Box Score,,18206.0,2:22,Vivint Arena,
"Fri, Jan 13, 2023",10:00p,Denver Nuggets,115,Los Angeles Clippers,103,Box Score,,16005.0,2:14,Crypto.com Arena,
"Fri, Jan 13, 2023",10:00p,Houston Rockets,114,Sacramento Kings,139,Box Score,,17894.0,2:23,Golden 1 Center,
"Sat, Jan 14, 2023",1:00p,Milwaukee Bucks,95,Miami Heat,111,Box Score,,19620.0,2:03,Kaseya Center,
"Sat, Jan 14, 2023",7:00p,Boston Celtics,122,Charlotte Hornets,106,Box Score,,19608.0,1:58,Spectrum Center,
"Sat, Jan 14, 2023",7:00p,Memphis Grizzlies,130,Indiana Pacers,112,Box Score,,17274.0,2:17,Gainbridge Fieldhouse,
"Sat, Jan 14, 2023",7:30p,Atlanta Hawks,114,Toronto Raptors,103,Box Score,,19800.0,2:10,Scotiabank Arena,
"Sat, Jan 14, 2023",8:00p,Cleveland Cavaliers,102,Minnesota Timberwolves,110,Box Score,,17136.0,2:07,Target Center,
"Sat, Jan 14, 2023",9:00p,Philadelphia 76ers,118,Utah Jazz,117,Box Score,,18206.0,2:15,Vivint Arena,
"Sat, Jan 14, 2023",10:00p,Dallas Mavericks,119,Portland Trail Blazers,136,Box Score,,19393.0,2:05,Moda Center,
"Sun, Jan 15, 2023",1:00p,New York Knicks,117,Detroit Pistons,104,Box Score,,19894.0,2:12,Little Caesars Arena,
"Sun, Jan 15, 2023",3:00p,Houston Rockets,100,Los Angeles Clippers,121,Box Score,,17238.0,2:17,Crypto.com Arena,
"Sun, Jan 15, 2023",3:30p,Golden State Warriors,118,Chicago Bulls,132,Box Score,,20139.0,2:17,United Center,
"Sun, Jan 15, 2023",6:00p,Oklahoma City Thunder,112,Brooklyn Nets,102,Box Score,,18165.0,2:08,Barclays Center,
"Sun, Jan 15, 2023",7:00p,Sacramento Kings,132,San Antonio Spurs,119,Box Score,,12339.0,2:12,AT&T Center,
"Sun, Jan 15, 2023",8:00p,Orlando Magic,116,Denver Nuggets,119,Box Score,,19641.0,2:20,Ball Arena,
"Sun, Jan 15, 2023",9:00p,Dallas Mavericks,123,Portland Trail Blazers,140,Box Score,,19393.0,2:22,Moda Center,
"Sun, Jan 15, 2023",9:30p,Philadelphia 76ers,113,Los Angeles Lakers,112,Box Score,,18020.0,2:11,Crypto.com Arena,
"Mon, Jan 16, 2023",1:00p,Boston Celtics,130,Charlotte Hornets,118,Box Score,,19227.0,2:06,Spectrum Center,
"Mon, Jan 16, 2023",2:30p,Indiana Pacers,119,Milwaukee Bucks,132,Box Score,,17412.0,2:09,Fiserv Forum,
"Mon, Jan 16, 2023",3:00p,New Orleans Pelicans,103,Cleveland Cavaliers,113,Box Score,,19432.0,2:15,Rocket Mortgage Fieldhouse,
"Mon, Jan 16, 2023",3:00p,Toronto Raptors,123,New York Knicks,121,Box Score,OT,19812.0,2:39,Madison Square Garden (IV),
"Mon, Jan 16, 2023",3:00p,Golden State Warriors,127,Washington Wizards,118,Box Score,,20476.0,2:17,Capital One Arena,
"Mon, Jan 16, 2023",3:30p,Miami Heat,113,Atlanta Hawks,121,Box Score,,18007.0,2:23,State Farm Arena,
"Mon, Jan 16, 2023",4:00p,Utah Jazz,126,Minnesota Timberwolves,125,Box Score,,16477.0,2:14,Target Center,
"Mon, Jan 16, 2023",6:00p,Phoenix Suns,106,Memphis Grizzlies,136,Box Score,,17794.0,2:14,FedEx Forum,
"Mon, Jan 16, 2023",10:30p,Houston Rockets,132,Los Angeles Lakers,140,Box Score,,17657.0,2:28,Crypto.com Arena,
"Tue, Jan 17, 2023",7:30p,Toronto Raptors,122,Milwaukee Bucks,130,Box Score,,17341.0,2:24,Fiserv Forum,
"Tue, Jan 17, 2023",8:00p,Brooklyn Nets,98,San Antonio Spurs,106,Box Score,,13532.0,2:21,AT&T Center,
"Tue, Jan 17, 2023",9:00p,Portland Trail Blazers,113,Denver Nuggets,122,Box Score,,18258.0,2:13,Ball Arena,
"Tue, Jan 17, 2023",10:00p,Philadelphia 76ers,120,Los Angeles Clippers,110,Box Score,,15155.0,2:25,Crypto.com Arena,
"Wed, Jan 18, 2023",7:30p,Atlanta Hawks,130,Dallas Mavericks,122,Box Score,,20125.0,2:19,American Airlines Center,
"Wed, Jan 18, 2023",7:30p,Washington Wizards,116,New York Knicks,105,Box Score,,19164.0,2:13,Madison Square Garden (IV),
"Wed, Jan 18, 2023",8:00p,Charlotte Hornets,122,Houston Rockets,117,Box Score,,15678.0,2:10,Toyota Center,
"Wed, Jan 18, 2023",8:00p,Cleveland Cavaliers,114,Memphis Grizzlies,115,Box Score,,16892.0,2:06,FedEx Forum,
"Wed, Jan 18, 2023",8:00p,Miami Heat,124,New Orleans Pelicans,98,Box Score,,17736.0,2:05,Smoothie King Center,
"Wed, Jan 18, 2023",8:00p,Indiana Pacers,106,Oklahoma City Thunder,126,Box Score,,14748.0,2:08,Paycom Center,
"Wed, Jan 18, 2023",9:00p,Los Angeles Clippers,103,Utah Jazz,126,Box Score,,18206.0,2:11,Vivint Arena,
"Wed, Jan 18, 2023",10:00p,Minnesota Timberwolves,118,Denver Nuggets,122,Box Score,,16112.0,2:32,Ball Arena,
"Wed, Jan 18, 2023",10:30p,Sacramento Kings,116,Los Angeles Lakers,111,Box Score,,18142.0,2:14,Crypto.com Arena,
"Thu, Jan 19, 2023",3:00p,Chicago Bulls,126,Detroit Pistons,108,Box Score,,15885.0,2:14,AccorHotels Arena,
"Thu, Jan 19, 2023",7:30p,Golden State Warriors,118,Boston Celtics,121,Box Score,OT,19156.0,2:39,TD Garden,
"Thu, Jan 19, 2023",8:00p,Toronto Raptors,126,Minnesota Timberwolves,128,Box Score,,16318.0,2:14,Target Center,
"Thu, Jan 19, 2023",10:00p,Brooklyn Nets,112,Phoenix Suns,117,Box Score,,17071.0,2:38,Footprint Center,
"Thu, Jan 19, 2023",10:00p,Philadelphia 76ers,105,Portland Trail Blazers,95,Box Score,,18113.0,2:11,Moda Center,
"Fri, Jan 20, 2023",7:00p,New Orleans Pelicans,110,Orlando Magic,123,Box Score,,19025.0,2:15,Amway Center,
"Fri, Jan 20, 2023",7:30p,New York Knicks,124,Atlanta Hawks,139,Box Score,,17711.0,2:03,State Farm Arena,
"Fri, Jan 20, 2023",7:30p,Golden State Warriors,120,Cleveland Cavaliers,114,Box Score,,19432.0,2:13,Rocket Mortgage Fieldhouse,
"Fri, Jan 20, 2023",7:30p,Miami Heat,90,Dallas Mavericks,115,Box Score,,20326.0,2:15,American Airlines Center,
"Fri, Jan 20, 2023",8:00p,Los Angeles Clippers,131,San Antonio Spurs,126,Box Score,,15190.0,2:02,AT&T Center,
"Fri, Jan 20, 2023",9:00p,Indiana Pacers,111,Denver Nuggets,134,Box Score,,19609.0,2:14,Ball Arena,
"Fri, Jan 20, 2023",9:00p,Brooklyn Nets,117,Utah Jazz,106,Box Score,,18206.0,2:10,Vivint Arena,
"Fri, Jan 20, 2023",10:00p,Memphis Grizzlies,121,Los Angeles Lakers,122,Box Score,,18997.0,2:41,Crypto.com Arena,
"Fri, Jan 20, 2023",10:00p,Oklahoma City Thunder,113,Sacramento Kings,118,Box Score,,17932.0,2:12,Golden 1 Center,
"Sat, Jan 21, 2023",5:00p,Boston Celtics,106,Toronto Raptors,104,Box Score,,19800.0,2:04,Scotiabank Arena,
"Sat, Jan 21, 2023",7:00p,Orlando Magic,118,Washington Wizards,138,Box Score,,18171.0,2:15,Capital One Arena,
"Sat, Jan 21, 2023",7:30p,Charlotte Hornets,122,Atlanta Hawks,118,Box Score,,17928.0,2:18,State Farm Arena,
"Sat, Jan 21, 2023",7:30p,Milwaukee Bucks,102,Cleveland Cavaliers,114,Box Score,,19432.0,2:09,Rocket Mortgage Fieldhouse,
"Sat, Jan 21, 2023",8:00p,Houston Rockets,104,Minnesota Timberwolves,113,Box Score,,17136.0,2:15,Target Center,
"Sat, Jan 21, 2023",9:00p,Indiana Pacers,107,Phoenix Suns,112,Box Score,,17071.0,2:31,Footprint Center,
"Sat, Jan 21, 2023",10:00p,Philadelphia 76ers,129,Sacramento Kings,127,Box Score,,17861.0,2:25,Golden 1 Center,
"Sun, Jan 22, 2023",2:30p,Los Angeles Clippers,112,Dallas Mavericks,98,Box Score,,20026.0,2:10,American Airlines Center,
"Sun, Jan 22, 2023",3:30p,New Orleans Pelicans,96,Miami Heat,100,Box Score,,19600.0,2:17,Kaseya Center,
"Sun, Jan 22, 2023",6:00p,New York Knicks,116,Toronto Raptors,125,Box Score,,19261.0,2:15,Scotiabank Arena,
"Sun, Jan 22, 2023",8:00p,Oklahoma City Thunder,101,Denver Nuggets,99,Box Score,,19557.0,2:14,Ball Arena,
"Sun, Jan 22, 2023",8:00p,Memphis Grizzlies,110,Phoenix Suns,112,Box Score,,17071.0,2:27,Footprint Center,
"Sun, Jan 22, 2023",8:30p,Brooklyn Nets,120,Golden State Warriors,116,Box Score,,18064.0,2:23,Chase Center,
"Sun, Jan 22, 2023",9:00p,Los Angeles Lakers,121,Portland Trail Blazers,112,Box Score,,19393.0,2:13,Moda Center,
"Mon, Jan 23, 2023",7:00p,Milwaukee Bucks,150,Detroit Pistons,130,Box Score,,18011.0,2:13,Little Caesars Arena,
"Mon, Jan 23, 2023",7:00p,Boston Celtics,98,Orlando Magic,113,Box Score,,19196.0,2:02,Amway Center,
"Mon, Jan 23, 2023",8:00p,Atlanta Hawks,100,Chicago Bulls,111,Box Score,,20938.0,2:05,United Center,
"Mon, Jan 23, 2023",8:00p,Minnesota Timberwolves,114,Houston Rockets,119,Box Score,,13811.0,2:23,Toyota Center,
"Mon, Jan 23, 2023",9:00p,Charlotte Hornets,102,Utah Jazz,120,Box Score,,18206.0,2:15,Vivint Arena,
"Mon, Jan 23, 2023",10:00p,San Antonio Spurs,127,Portland Trail Blazers,147,Box Score,,17874.0,2:06,Moda Center,
"Mon, Jan 23, 2023",10:30p,Memphis Grizzlies,100,Sacramento Kings,133,Box Score,,17821.0,2:03,Golden 1 Center,
"Tue, Jan 24, 2023",7:00p,Chicago Bulls,110,Indiana Pacers,116,Box Score,,16102.0,2:20,Gainbridge Fieldhouse,
"Tue, Jan 24, 2023",7:30p,Boston Celtics,95,Miami Heat,98,Box Score,,19705.0,2:21,Kaseya Center,
"Tue, Jan 24, 2023",7:30p,Cleveland Cavaliers,103,New York Knicks,105,Box Score,,19812.0,2:13,Madison Square Garden (IV),
"Tue, Jan 24, 2023",8:00p,Denver Nuggets,99,New Orleans Pelicans,98,Box Score,,14699.0,2:04,Smoothie King Center,
"Tue, Jan 24, 2023",8:30p,Washington Wizards,127,Dallas Mavericks,126,Box Score,,20077.0,2:25,American Airlines Center,
"Tue, Jan 24, 2023",9:00p,Charlotte Hornets,97,Phoenix Suns,128,Box Score,,17071.0,2:03,Footprint Center,
"Tue, Jan 24, 2023",10:00p,Los Angeles Clippers,133,Los Angeles Lakers,115,Box Score,,17604.0,2:15,Crypto.com Arena,
"Wed, Jan 25, 2023",7:00p,Indiana Pacers,120,Orlando Magic,126,Box Score,,18846.0,2:19,Amway Center,
"Wed, Jan 25, 2023",7:30p,Brooklyn Nets,133,Philadelphia 76ers,137,Box Score,,19772.0,2:32,Wells Fargo Center,
"Wed, Jan 25, 2023",8:00p,Washington Wizards,108,Houston Rockets,103,Box Score,,15302.0,2:15,Toyota Center,
"Wed, Jan 25, 2023",8:00p,Denver Nuggets,99,Milwaukee Bucks,107,Box Score,,17352.0,2:12,Fiserv Forum,
"Wed, Jan 25, 2023",8:00p,Minnesota Timberwolves,111,New Orleans Pelicans,102,Box Score,,14887.0,2:16,Smoothie King Center,
"Wed, Jan 25, 2023",8:00p,Atlanta Hawks,137,Oklahoma City Thunder,132,Box Score,,15079.0,2:08,Paycom Center,
"Wed, Jan 25, 2023",10:00p,Memphis Grizzlies,120,Golden State Warriors,122,Box Score,,18064.0,2:45,Chase Center,
"Wed, Jan 25, 2023",10:00p,Utah Jazz,124,Portland Trail Blazers,134,Box Score,,18154.0,2:04,Moda Center,
"Wed, Jan 25, 2023",10:00p,Toronto Raptors,113,Sacramento Kings,95,Box Score,,17767.0,1:59,Golden 1 Center,
"Wed, Jan 25, 2023",10:30p,San Antonio Spurs,104,Los Angeles Lakers,113,Box Score,,17955.0,2:10,Crypto.com Arena,
"Thu, Jan 26, 2023",7:30p,New York Knicks,120,Boston Celtics,117,Box Score,OT,19156.0,2:25,TD Garden,
"Thu, Jan 26, 2023",7:30p,Detroit Pistons,130,Brooklyn Nets,122,Box Score,,17732.0,2:22,Barclays Center,
"Thu, Jan 26, 2023",7:30p,Chicago Bulls,96,Charlotte Hornets,111,Box Score,,17697.0,2:07,Spectrum Center,
"Thu, Jan 26, 2023",8:00p,Cleveland Cavaliers,113,Houston Rockets,95,Box Score,,16327.0,2:03,Toyota Center,
"Thu, Jan 26, 2023",10:00p,Dallas Mavericks,99,Phoenix Suns,95,Box Score,,17071.0,2:20,Footprint Center,
"Thu, Jan 26, 2023",10:30p,San Antonio Spurs,100,Los Angeles Clippers,138,Box Score,,16958.0,2:06,Crypto.com Arena,
"Fri, Jan 27, 2023",7:00p,Milwaukee Bucks,141,Indiana Pacers,131,Box Score,,16090.0,2:13,Gainbridge Fieldhouse,
"Fri, Jan 27, 2023",7:30p,Memphis Grizzlies,100,Minnesota Timberwolves,111,Box Score,,17136.0,2:12,Target Center,
"Fri, Jan 27, 2023",8:00p,Orlando Magic,105,Miami Heat,110,Box Score,,19788.0,2:19,Kaseya Center,
"Fri, Jan 27, 2023",8:00p,Cleveland Cavaliers,100,Oklahoma City Thunder,112,Box Score,,16236.0,2:04,Paycom Center,
"Fri, Jan 27, 2023",10:00p,Toronto Raptors,117,Golden State Warriors,129,Box Score,,18064.0,2:09,Chase Center,
"Sat, Jan 28, 2023",3:00p,Denver Nuggets,119,Philadelphia 76ers,126,Box Score,,21255.0,2:19,Wells Fargo Center,
"Sat, Jan 28, 2023",5:30p,New York Knicks,115,Brooklyn Nets,122,Box Score,,18100.0,2:13,Barclays Center,
"Sat, Jan 28, 2023",7:00p,Houston Rockets,117,Detroit Pistons,114,Box Score,,19411.0,2:24,Little Caesars Arena,
"Sat, Jan 28, 2023",7:00p,Chicago Bulls,128,Orlando Magic,109,Box Score,,18846.0,2:12,Amway Center,
"Sat, Jan 28, 2023",7:30p,Los Angeles Clippers,120,Atlanta Hawks,113,Box Score,,18448.0,2:11,State Farm Arena,
"Sat, Jan 28, 2023",8:00p,Sacramento Kings,110,Minnesota Timberwolves,117,Box Score,,17136.0,2:18,Target Center,
"Sat, Jan 28, 2023",8:00p,Washington Wizards,113,New Orleans Pelicans,103,Box Score,,17692.0,2:23,Smoothie King Center,
"Sat, Jan 28, 2023",8:00p,Phoenix Suns,128,San Antonio Spurs,118,Box Score,OT,18354.0,2:27,AT&T Center,
"Sat, Jan 28, 2023",8:30p,Los Angeles Lakers,121,Boston Celtics,125,Box Score,OT,19156.0,2:47,TD Garden,
"Sat, Jan 28, 2023",9:00p,Dallas Mavericks,100,Utah Jazz,108,Box Score,,18206.0,2:06,Vivint Arena,
"Sat, Jan 28, 2023",10:00p,Toronto Raptors,123,Portland Trail Blazers,105,Box Score,,19393.0,2:07,Moda Center,
"Sun, Jan 29, 2023",1:00p,Miami Heat,117,Charlotte Hornets,122,Box Score,,19254.0,2:15,Spectrum Center,
"Sun, Jan 29, 2023",6:00p,Indiana Pacers,100,Memphis Grizzlies,112,Box Score,,17794.0,2:21,FedEx Forum,
"Sun, Jan 29, 2023",7:00p,Los Angeles Clippers,99,Cleveland Cavaliers,122,Box Score,,19432.0,2:02,Rocket Mortgage Fieldhouse,
"Sun, Jan 29, 2023",8:00p,New Orleans Pelicans,110,Milwaukee Bucks,135,Box Score,,17341.0,2:06,Fiserv Forum,
"Mon, Jan 30, 2023",7:00p,Orlando Magic,119,Philadelphia 76ers,109,Box Score,,19812.0,2:15,Wells Fargo Center,
"Mon, Jan 30, 2023",7:30p,Los Angeles Lakers,104,Brooklyn Nets,121,Box Score,,17924.0,2:19,Barclays Center,
"Mon, Jan 30, 2023",8:00p,Sacramento Kings,118,Minnesota Timberwolves,111,Box Score,OT,15342.0,2:23,Target Center,
"Mon, Jan 30, 2023",8:00p,Golden State Warriors,128,Oklahoma City Thunder,120,Box Score,,16854.0,2:09,Paycom Center,
"Mon, Jan 30, 2023",8:00p,Washington Wizards,127,San Antonio Spurs,106,Box Score,,11970.0,2:09,AT&T Center,
"Mon, Jan 30, 2023",8:30p,Detroit Pistons,105,Dallas Mavericks,111,Box Score,,19777.0,2:16,American Airlines Center,
"Mon, Jan 30, 2023",9:00p,Toronto Raptors,106,Phoenix Suns,114,Box Score,,17071.0,2:09,Footprint Center,
"Mon, Jan 30, 2023",10:00p,Atlanta Hawks,125,Portland Trail Blazers,129,Box Score,,18262.0,2:18,Moda Center,
"Tue, Jan 31, 2023",7:00p,Miami Heat,100,Cleveland Cavaliers,97,Box Score,,19432.0,2:12,Rocket Mortgage Fieldhouse,
"Tue, Jan 31, 2023",7:30p,Los Angeles Lakers,129,New York Knicks,123,Box Score,OT,19812.0,2:48,Madison Square Garden (IV),
"Tue, Jan 31, 2023",8:00p,Los Angeles Clippers,108,Chicago Bulls,103,Box Score,,20068.0,2:14,United Center,
"Tue, Jan 31, 2023",8:00p,Charlotte Hornets,115,Milwaukee Bucks,124,Box Score,,17341.0,2:16,Fiserv Forum,
"Tue, Jan 31, 2023",10:00p,New Orleans Pelicans,113,Denver Nuggets,122,Box Score,,18868.0,2:23,Ball Arena,
"Wed, Feb 1, 2023",7:00p,Portland Trail Blazers,122,Memphis Grizzlies,112,Box Score,,14589.0,2:28,FedEx Forum,
"Wed, Feb 1, 2023",7:00p,Orlando Magic,94,Philadelphia 76ers,105,Box Score,,20885.0,2:11,Wells Fargo Center,
"Wed, Feb 1, 2023",7:30p,Brooklyn Nets,96,Boston Celtics,139,Box Score,,19156.0,1:58,TD Garden,
"Wed, Feb 1, 2023",8:00p,Oklahoma City Thunder,106,Houston Rockets,112,Box Score,,15181.0,2:13,Toyota Center,
"Wed, Feb 1, 2023",8:00p,Golden State Warriors,114,Minnesota Timberwolves,119,Box Score,OT,17136.0,2:32,Target Center,
"Wed, Feb 1, 2023",8:00p,Sacramento Kings,119,San Antonio Spurs,109,Box Score,,13207.0,2:03,AT&T Center,
"Wed, Feb 1, 2023",9:00p,Toronto Raptors,128,Utah Jazz,131,Box Score,,18206.0,2:18,Vivint Arena,
"Wed, Feb 1, 2023",10:00p,Atlanta Hawks,132,Phoenix Suns,100,Box Score,,17071.0,2:11,Footprint Center,
"Thu, Feb 2, 2023",7:00p,Los Angeles Lakers,112,Indiana Pacers,111,Box Score,,17274.0,2:13,Gainbridge Fieldhouse,
"Thu, Feb 2, 2023",7:30p,Memphis Grizzlies,113,Cleveland Cavaliers,128,Box Score,,19432.0,2:25,Rocket Mortgage Fieldhouse,
"Thu, Feb 2, 2023",7:30p,Miami Heat,104,New York Knicks,106,Box Score,,19044.0,2:20,Madison Square Garden (IV),
"Thu, Feb 2, 2023",8:00p,Charlotte Hornets,98,Chicago Bulls,114,Box Score,,20072.0,2:04,United Center,
"Thu, Feb 2, 2023",8:30p,New Orleans Pelicans,106,Dallas Mavericks,111,Box Score,,19670.0,2:20,American Airlines Center,
"Thu, Feb 2, 2023",9:00p,Golden State Warriors,117,Denver Nuggets,134,Box Score,,19555.0,2:07,Ball Arena,
"Thu, Feb 2, 2023",10:00p,Los Angeles Clippers,105,Milwaukee Bucks,106,Box Score,,17341.0,2:20,Fiserv Forum,
"Fri, Feb 3, 2023",7:00p,Charlotte Hornets,112,Detroit Pistons,118,Box Score,,18007.0,2:16,Little Caesars Arena,
"Fri, Feb 3, 2023",7:00p,Sacramento Kings,104,Indiana Pacers,107,Box Score,,17274.0,2:05,Gainbridge Fieldhouse,
"Fri, Feb 3, 2023",7:00p,Portland Trail Blazers,124,Washington Wizards,116,Box Score,,20476.0,2:11,Capital One Arena,
"Fri, Feb 3, 2023",7:30p,Phoenix Suns,106,Boston Celtics,94,Box Score,,19156.0,2:09,TD Garden,
"Fri, Feb 3, 2023",8:00p,Toronto Raptors,117,Houston Rockets,111,Box Score,,16585.0,2:14,Toyota Center,
"Fri, Feb 3, 2023",8:00p,Orlando Magic,127,Minnesota Timberwolves,120,Box Score,,17136.0,2:36,Target Center,
"Fri, Feb 3, 2023",8:00p,Philadelphia 76ers,137,San Antonio Spurs,125,Box Score,,15252.0,2:09,AT&T Center,
"Fri, Feb 3, 2023",9:00p,Atlanta Hawks,115,Utah Jazz,108,Box Score,,18206.0,2:09,Vivint Arena,
"Sat, Feb 4, 2023",6:00p,Washington Wizards,123,Brooklyn Nets,125,Box Score,,17732.0,2:27,Barclays Center,
"Sat, Feb 4, 2023",6:00p,Los Angeles Lakers,126,New Orleans Pelicans,131,Box Score,,18886.0,2:19,Smoothie King Center,
"Sat, Feb 4, 2023",7:00p,Phoenix Suns,116,Detroit Pistons,100,Box Score,,19788.0,2:09,Little Caesars Arena,
"Sat, Feb 4, 2023",7:00p,Los Angeles Clippers,134,New York Knicks,128,Box Score,OT,19812.0,2:42,Madison Square Garden (IV),
"Sat, Feb 4, 2023",8:00p,Portland Trail Blazers,121,Chicago Bulls,129,Box Score,,20135.0,2:05,United Center,
"Sat, Feb 4, 2023",8:00p,Miami Heat,115,Milwaukee Bucks,123,Box Score,,18008.0,2:08,Fiserv Forum,
"Sat, Feb 4, 2023",8:00p,Houston Rockets,121,Oklahoma City Thunder,153,Box Score,,16994.0,2:05,Paycom Center,
"Sat, Feb 4, 2023",8:30p,Dallas Mavericks,113,Golden State Warriors,119,Box Score,,18064.0,2:21,Chase Center,
"Sat, Feb 4, 2023",9:00p,Atlanta Hawks,108,Denver Nuggets,128,Box Score,,19630.0,2:03,Ball Arena,
"Sun, Feb 5, 2023",1:00p,Orlando Magic,119,Charlotte Hornets,113,Box Score,,18510.0,2:10,Spectrum Center,
"Sun, Feb 5, 2023",5:00p,Cleveland Cavaliers,122,Indiana Pacers,103,Box Score,,17274.0,2:05,Gainbridge Fieldhouse,
"Sun, Feb 5, 2023",6:00p,Toronto Raptors,106,Memphis Grizzlies,103,Box Score,,17794.0,2:15,FedEx Forum,
"Sun, Feb 5, 2023",6:00p,Philadelphia 76ers,97,New York Knicks,108,Box Score,,17586.0,2:38,Madison Square Garden (IV),
"Sun, Feb 5, 2023",7:00p,Denver Nuggets,98,Minnesota Timberwolves,128,Box Score,,17136.0,2:13,Target Center,
"Sun, Feb 5, 2023",7:00p,Sacramento Kings,104,New Orleans Pelicans,136,Box Score,,17779.0,2:12,Smoothie King Center,
"Mon, Feb 6, 2023",7:00p,Boston Celtics,111,Detroit Pistons,99,Box Score,,17933.0,2:03,Little Caesars Arena,
"Mon, Feb 6, 2023",7:00p,Cleveland Cavaliers,114,Washington Wizards,91,Box Score,,16744.0,1:58,Capital One Arena,
"Mon, Feb 6, 2023",7:30p,Los Angeles Clippers,124,Brooklyn Nets,116,Box Score,,16981.0,2:15,Barclays Center,
"Mon, Feb 6, 2023",8:00p,San Antonio Spurs,104,Chicago Bulls,128,Box Score,,19291.0,2:04,United Center,
"Mon, Feb 6, 2023",8:00p,Sacramento Kings,140,Houston Rockets,120,Box Score,,15405.0,2:04,Toyota Center,
"Mon, Feb 6, 2023",9:00p,Dallas Mavericks,124,Utah Jazz,111,Box Score,,18206.0,2:16,Vivint Arena,
"Mon, Feb 6, 2023",10:00p,Oklahoma City Thunder,114,Golden State Warriors,141,Box Score,,18064.0,1:55,Chase Center,
"Mon, Feb 6, 2023",10:00p,Milwaukee Bucks,127,Portland Trail Blazers,108,Box Score,,18110.0,2:16,Moda Center,
"Tue, Feb 7, 2023",7:00p,New York Knicks,102,Orlando Magic,98,Box Score,,19438.0,2:13,Amway Center,
"Tue, Feb 7, 2023",7:30p,Phoenix Suns,116,Brooklyn Nets,112,Box Score,,17093.0,2:28,Barclays Center,
"Tue, Feb 7, 2023",7:30p,Atlanta Hawks,107,New Orleans Pelicans,116,Box Score,,16669.0,2:13,Smoothie King Center,
"Tue, Feb 7, 2023",8:00p,Chicago Bulls,89,Memphis Grizzlies,104,Box Score,,17012.0,2:11,FedEx Forum,
"Tue, Feb 7, 2023",9:00p,Minnesota Timberwolves,112,Denver Nuggets,146,Box Score,,18307.0,2:06,Ball Arena,
"Tue, Feb 7, 2023",10:00p,Oklahoma City Thunder,133,Los Angeles Lakers,130,Box Score,,18997.0,2:32,Crypto.com Arena,
"Wed, Feb 8, 2023",7:00p,Detroit Pistons,85,Cleveland Cavaliers,113,Box Score,,19432.0,2:04,Rocket Mortgage Fieldhouse,
"Wed, Feb 8, 2023",7:00p,Charlotte Hornets,104,Washington Wizards,118,Box Score,,16097.0,2:08,Capital One Arena,
"Wed, Feb 8, 2023",7:30p,Philadelphia 76ers,99,Boston Celtics,106,Box Score,,19156.0,2:13,TD Garden,
"Wed, Feb 8, 2023",7:30p,Indiana Pacers,111,Miami Heat,116,Box Score,,19600.0,2:29,Kaseya Center,
"Wed, Feb 8, 2023",7:30p,San Antonio Spurs,98,Toronto Raptors,112,Box Score,,19800.0,2:08,Scotiabank Arena,
"Wed, Feb 8, 2023",8:00p,Sacramento Kings,130,Houston Rockets,128,Box Score,,15881.0,2:28,Toyota Center,
"Wed, Feb 8, 2023",9:00p,Minnesota Timberwolves,143,Utah Jazz,118,Box Score,,18206.0,1:57,Vivint Arena,
"Wed, Feb 8, 2023",10:00p,Dallas Mavericks,110,Los Angeles Clippers,104,Box Score,,18377.0,2:10,Crypto.com Arena,
"Wed, Feb 8, 2023",10:00p,Golden State Warriors,122,Portland Trail Blazers,125,Box Score,,18450.0,2:11,Moda Center,
"Thu, Feb 9, 2023",7:00p,Denver Nuggets,104,Orlando Magic,115,Box Score,,18846.0,2:05,Amway Center,
"Thu, Feb 9, 2023",7:30p,Phoenix Suns,107,Atlanta Hawks,116,Box Score,,17003.0,2:14,State Farm Arena,
"Thu, Feb 9, 2023",7:30p,Chicago Bulls,105,Brooklyn Nets,116,Box Score,,16938.0,2:15,Barclays Center,
"Thu, Feb 9, 2023",10:00p,Milwaukee Bucks,115,Los Angeles Lakers,106,Box Score,,18997.0,2:16,Crypto.com Arena,
"Fri, Feb 10, 2023",7:00p,San Antonio Spurs,131,Detroit Pistons,138,Box Score,2OT,17899.0,3:00,Little Caesars Arena,
"Fri, Feb 10, 2023",7:00p,Phoenix Suns,117,Indiana Pacers,104,Box Score,,16522.0,2:12,Gainbridge Fieldhouse,
"Fri, Feb 10, 2023",7:00p,New York Knicks,108,Philadelphia 76ers,119,Box Score,,21057.0,2:08,Wells Fargo Center,
"Fri, Feb 10, 2023",7:30p,Charlotte Hornets,116,Boston Celtics,127,Box Score,,19156.0,2:12,TD Garden,
"Fri, Feb 10, 2023",7:30p,Utah Jazz,122,Toronto Raptors,116,Box Score,,19800.0,2:19,Scotiabank Arena,
"Fri, Feb 10, 2023",8:00p,Minnesota Timberwolves,107,Memphis Grizzlies,128,Box Score,,17794.0,2:06,FedEx Forum,
"Fri, Feb 10, 2023",8:00p,Houston Rockets,95,Miami Heat,97,Box Score,,19600.0,2:20,Kaseya Center,
"Fri, Feb 10, 2023",10:00p,Cleveland Cavaliers,118,New Orleans Pelicans,107,Box Score,,16398.0,2:20,Smoothie King Center,
"Fri, Feb 10, 2023",10:00p,Oklahoma City Thunder,138,Portland Trail Blazers,129,Box Score,,19424.0,2:21,Moda Center,
"Fri, Feb 10, 2023",10:00p,Dallas Mavericks,122,Sacramento Kings,114,Box Score,,18111.0,2:12,Golden 1 Center,
"Fri, Feb 10, 2023",10:30p,Milwaukee Bucks,119,Los Angeles Clippers,106,Box Score,,16614.0,2:05,Crypto.com Arena,
"Sat, Feb 11, 2023",6:00p,Philadelphia 76ers,101,Brooklyn Nets,98,Box Score,,17732.0,2:15,Barclays Center,
"Sat, Feb 11, 2023",7:00p,Denver Nuggets,119,Charlotte Hornets,105,Box Score,,19256.0,2:07,Spectrum Center,
"Sat, Feb 11, 2023",7:00p,Miami Heat,107,Orlando Magic,103,Box Score,OT,18223.0,2:42,Amway Center,
"Sat, Feb 11, 2023",7:00p,Indiana Pacers,113,Washington Wizards,127,Box Score,,18387.0,2:07,Capital One Arena,
"Sat, Feb 11, 2023",7:30p,San Antonio Spurs,106,Atlanta Hawks,125,Box Score,,17875.0,2:04,State Farm Arena,
"Sat, Feb 11, 2023",7:30p,Utah Jazz,120,New York Knicks,126,Box Score,,19339.0,2:16,Madison Square Garden (IV),
"Sat, Feb 11, 2023",8:00p,Chicago Bulls,89,Cleveland Cavaliers,97,Box Score,,19432.0,2:10,Rocket Mortgage Fieldhouse,
"Sat, Feb 11, 2023",8:30p,Los Angeles Lakers,109,Golden State Warriors,103,Box Score,,18064.0,2:26,Chase Center,
"Sat, Feb 11, 2023",10:00p,Dallas Mavericks,128,Sacramento Kings,133,Box Score,OT,18111.0,2:22,Golden 1 Center,
"Sun, Feb 12, 2023",2:00p,Memphis Grizzlies,109,Boston Celtics,119,Box Score,,19156.0,2:15,TD Garden,
"Sun, Feb 12, 2023",3:00p,Detroit Pistons,118,Toronto Raptors,119,Box Score,,19800.0,2:27,Scotiabank Arena,
"Mon, Feb 13, 2023",7:00p,Atlanta Hawks,138,Charlotte Hornets,144,Box Score,,14078.0,2:16,Spectrum Center,
"Mon, Feb 13, 2023",7:00p,San Antonio Spurs,109,Cleveland Cavaliers,117,Box Score,,19432.0,2:07,Rocket Mortgage Fieldhouse,
"Mon, Feb 13, 2023",7:00p,Utah Jazz,123,Indiana Pacers,117,Box Score,,15004.0,2:17,Gainbridge Fieldhouse,
"Mon, Feb 13, 2023",7:00p,Houston Rockets,104,Philadelphia 76ers,123,Box Score,,19850.0,2:06,Wells Fargo Center,
"Mon, Feb 13, 2023",7:30p,Denver Nuggets,112,Miami Heat,108,Box Score,,19755.0,2:10,Kaseya Center,
"Mon, Feb 13, 2023",7:30p,Brooklyn Nets,106,New York Knicks,124,Box Score,,19812.0,2:19,Madison Square Garden (IV),
"Mon, Feb 13, 2023",8:00p,Orlando Magic,100,Chicago Bulls,91,Box Score,,20767.0,2:09,United Center,
"Mon, Feb 13, 2023",8:00p,New Orleans Pelicans,103,Oklahoma City Thunder,100,Box Score,,14920.0,2:11,Paycom Center,
"Mon, Feb 13, 2023",8:30p,Minnesota Timberwolves,124,Dallas Mavericks,121,Box Score,,20325.0,2:18,American Airlines Center,
"Mon, Feb 13, 2023",10:00p,Washington Wizards,126,Golden State Warriors,135,Box Score,,18064.0,2:11,Chase Center,
"Mon, Feb 13, 2023",10:00p,Los Angeles Lakers,115,Portland Trail Blazers,127,Box Score,,18299.0,2:01,Moda Center,
"Tue, Feb 14, 2023",7:30p,Boston Celtics,125,Milwaukee Bucks,131,Box Score,OT,17623.0,2:45,Fiserv Forum,
"Tue, Feb 14, 2023",7:30p,Orlando Magic,113,Toronto Raptors,123,Box Score,,19800.0,2:08,Scotiabank Arena,
"Tue, Feb 14, 2023",9:00p,Sacramento Kings,109,Phoenix Suns,120,Box Score,,17071.0,2:11,Footprint Center,
"Tue, Feb 14, 2023",10:00p,Golden State Warriors,124,Los Angeles Clippers,134,Box Score,,16741.0,2:19,Crypto.com Arena,
"Tue, Feb 14, 2023",10:00p,Washington Wizards,126,Portland Trail Blazers,101,Box Score,,18004.0,,Moda Center,
"Wed, Feb 15, 2023",7:00p,San Antonio Spurs,110,Charlotte Hornets,120,Box Score,,14155.0,2:11,Spectrum Center,
"Wed, Feb 15, 2023",7:00p,Chicago Bulls,113,Indiana Pacers,117,Box Score,,15599.0,2:21,Gainbridge Fieldhouse,
"Wed, Feb 15, 2023",7:30p,New York Knicks,122,Atlanta Hawks,101,Box Score,,17771.0,2:09,State Farm Arena,
"Wed, Feb 15, 2023",7:30p,Detroit Pistons,109,Boston Celtics,127,Box Score,,19156.0,2:00,TD Garden,
"Wed, Feb 15, 2023",7:30p,Miami Heat,105,Brooklyn Nets,116,Box Score,,17963.0,2:07,Barclays Center,
"Wed, Feb 15, 2023",7:30p,Cleveland Cavaliers,112,Philadelphia 76ers,118,Box Score,,21134.0,2:22,Wells Fargo Center,
"Wed, Feb 15, 2023",8:00p,Utah Jazz,111,Memphis Grizzlies,117,Box Score,,16748.0,2:13,FedEx Forum,
"Wed, Feb 15, 2023",8:00p,Houston Rockets,96,Oklahoma City Thunder,133,Box Score,,14988.0,2:25,Paycom Center,
"Wed, Feb 15, 2023",9:00p,Dallas Mavericks,109,Denver Nuggets,118,Box Score,,19627.0,2:03,Ball Arena,
"Wed, Feb 15, 2023",10:00p,New Orleans Pelicans,102,Los Angeles Lakers,120,Box Score,,18997.0,2:24,Crypto.com Arena,
"Thu, Feb 16, 2023",7:30p,Milwaukee Bucks,112,Chicago Bulls,100,Box Score,,20308.0,2:11,United Center,
"Thu, Feb 16, 2023",8:00p,Washington Wizards,114,Minnesota Timberwolves,106,Box Score,,17136.0,2:09,Target Center,
"Thu, Feb 16, 2023",10:00p,Los Angeles Clippers,116,Phoenix Suns,107,Box Score,,17071.0,2:18,Footprint Center,
"Thu, Feb 23, 2023",7:00p,Denver Nuggets,115,Cleveland Cavaliers,109,Box Score,,19432.0,2:09,Rocket Mortgage Fieldhouse,
"Thu, Feb 23, 2023",7:00p,Boston Celtics,142,Indiana Pacers,138,Box Score,OT,16125.0,2:27,Gainbridge Fieldhouse,
"Thu, Feb 23, 2023",7:00p,Detroit Pistons,106,Orlando Magic,108,Box Score,,18846.0,2:20,Amway Center,
"Thu, Feb 23, 2023",7:30p,Memphis Grizzlies,105,Philadelphia 76ers,110,Box Score,,21205.0,2:42,Wells Fargo Center,
"Thu, Feb 23, 2023",7:30p,New Orleans Pelicans,110,Toronto Raptors,115,Box Score,,19800.0,2:09,Scotiabank Arena,
"Thu, Feb 23, 2023",8:30p,San Antonio Spurs,116,Dallas Mavericks,142,Box Score,,20287.0,,American Airlines Center,
"Thu, Feb 23, 2023",9:00p,Oklahoma City Thunder,119,Utah Jazz,120,Box Score,OT,18206.0,2:29,Vivint Arena,
"Thu, Feb 23, 2023",10:00p,Golden State Warriors,111,Los Angeles Lakers,124,Box Score,,18997.0,,Crypto.com Arena,
"Thu, Feb 23, 2023",10:00p,Portland Trail Blazers,116,Sacramento Kings,133,Box Score,,18041.0,2:06,Golden 1 Center,
"Fri, Feb 24, 2023",7:00p,New York Knicks,115,Washington Wizards,109,Box Score,,20476.0,2:14,Capital One Arena,
"Fri, Feb 24, 2023",7:30p,Cleveland Cavaliers,119,Atlanta Hawks,136,Box Score,,18065.0,2:15,State Farm Arena,
"Fri, Feb 24, 2023",7:30p,Miami Heat,99,Milwaukee Bucks,128,Box Score,,17676.0,2:10,Fiserv Forum,
"Fri, Feb 24, 2023",8:00p,Brooklyn Nets,87,Chicago Bulls,131,Box Score,,21286.0,2:06,United Center,
"Fri, Feb 24, 2023",8:00p,Charlotte Hornets,121,Minnesota Timberwolves,113,Box Score,,17136.0,2:14,Target Center,
"Fri, Feb 24, 2023",10:00p,Houston Rockets,101,Golden State Warriors,116,Box Score,,18064.0,2:07,Chase Center,
"Fri, Feb 24, 2023",10:00p,Oklahoma City Thunder,115,Phoenix Suns,124,Box Score,,17071.0,2:21,Footprint Center,
"Fri, Feb 24, 2023",10:30p,Sacramento Kings,176,Los Angeles Clippers,175,Box Score,2OT,19068.0,2:48,Crypto.com Arena,
"Sat, Feb 25, 2023",12:00p,Toronto Raptors,95,Detroit Pistons,91,Box Score,,20190.0,2:18,Little Caesars Arena,
"Sat, Feb 25, 2023",7:00p,Miami Heat,103,Charlotte Hornets,108,Box Score,,19109.0,2:19,Spectrum Center,
"Sat, Feb 25, 2023",7:00p,Indiana Pacers,121,Orlando Magic,108,Box Score,,19231.0,2:17,Amway Center,
"Sat, Feb 25, 2023",7:30p,New Orleans Pelicans,106,New York Knicks,128,Box Score,,19812.0,2:21,Madison Square Garden (IV),
"Sat, Feb 25, 2023",8:00p,Denver Nuggets,94,Memphis Grizzlies,112,Box Score,,18302.0,1:58,FedEx Forum,
"Sat, Feb 25, 2023",8:30p,Boston Celtics,110,Philadelphia 76ers,107,Box Score,,20993.0,2:21,Wells Fargo Center,
"Sat, Feb 25, 2023",9:00p,San Antonio Spurs,102,Utah Jazz,118,Box Score,,18206.0,2:07,Vivint Arena,
"Sun, Feb 26, 2023",1:00p,Phoenix Suns,101,Milwaukee Bucks,104,Box Score,,17636.0,2:30,Fiserv Forum,
"Sun, Feb 26, 2023",3:00p,Brooklyn Nets,127,Atlanta Hawks,129,Box Score,,16983.0,2:20,State Farm Arena,
"Sun, Feb 26, 2023",3:30p,Washington Wizards,82,Chicago Bulls,102,Box Score,,21106.0,2:11,United Center,
"Sun, Feb 26, 2023",3:30p,Los Angeles Lakers,111,Dallas Mavericks,108,Box Score,,20411.0,2:29,American Airlines Center,
"Sun, Feb 26, 2023",6:00p,Toronto Raptors,93,Cleveland Cavaliers,118,Box Score,,19432.0,2:04,Rocket Mortgage Fieldhouse,
"Sun, Feb 26, 2023",7:00p,Sacramento Kings,124,Oklahoma City Thunder,115,Box Score,,15147.0,2:16,Paycom Center,
"Sun, Feb 26, 2023",7:30p,Minnesota Timberwolves,104,Golden State Warriors,109,Box Score,,18064.0,2:28,Chase Center,
"Sun, Feb 26, 2023",9:00p,Houston Rockets,114,Portland Trail Blazers,131,Box Score,,19215.0,2:18,Moda Center,
"Sun, Feb 26, 2023",10:00p,Los Angeles Clippers,124,Denver Nuggets,134,Box Score,OT,19689.0,2:45,Ball Arena,
"Mon, Feb 27, 2023",7:00p,Detroit Pistons,106,Charlotte Hornets,117,Box Score,,14184.0,2:04,Spectrum Center,
"Mon, Feb 27, 2023",7:00p,Miami Heat,101,Philadelphia 76ers,99,Box Score,,20859.0,2:15,Wells Fargo Center,
"Mon, Feb 27, 2023",7:30p,Boston Celtics,94,New York Knicks,109,Box Score,,19812.0,2:21,Madison Square Garden (IV),
"Mon, Feb 27, 2023",8:00p,Orlando Magic,101,New Orleans Pelicans,93,Box Score,,16038.0,2:20,Smoothie King Center,
"Tue, Feb 28, 2023",7:30p,Washington Wizards,119,Atlanta Hawks,116,Box Score,,17395.0,2:12,State Farm Arena,
"Tue, Feb 28, 2023",7:30p,Milwaukee Bucks,118,Brooklyn Nets,104,Box Score,,17732.0,2:11,Barclays Center,
"Tue, Feb 28, 2023",7:30p,Los Angeles Lakers,109,Memphis Grizzlies,121,Box Score,,17794.0,2:17,FedEx Forum,
"Tue, Feb 28, 2023",7:30p,Chicago Bulls,98,Toronto Raptors,104,Box Score,,19800.0,2:09,Scotiabank Arena,
"Tue, Feb 28, 2023",8:00p,Denver Nuggets,133,Houston Rockets,112,Box Score,,15368.0,1:58,Toyota Center,
"Tue, Feb 28, 2023",8:00p,Sacramento Kings,123,Oklahoma City Thunder,117,Box Score,,13353.0,2:16,Paycom Center,
"Tue, Feb 28, 2023",8:30p,Indiana Pacers,124,Dallas Mavericks,122,Box Score,,20277.0,2:21,American Airlines Center,
"Tue, Feb 28, 2023",9:00p,San Antonio Spurs,102,Utah Jazz,94,Box Score,,18206.0,2:14,Vivint Arena,
"Tue, Feb 28, 2023",10:00p,Portland Trail Blazers,105,Golden State Warriors,123,Box Score,,18064.0,2:11,Chase Center,
"Tue, Feb 28, 2023",10:00p,Minnesota Timberwolves,108,Los Angeles Clippers,101,Box Score,,17022.0,2:21,Crypto.com Arena,
"Wed, Mar 1, 2023",7:00p,Phoenix Suns,105,Charlotte Hornets,91,Box Score,,19137.0,2:06,Spectrum Center,
"Wed, Mar 1, 2023",7:00p,Chicago Bulls,117,Detroit Pistons,115,Box Score,,18098.0,2:20,Little Caesars Arena,
"Wed, Mar 1, 2023",7:30p,Cleveland Cavaliers,113,Boston Celtics,117,Box Score,,19156.0,2:17,TD Garden,
"Wed, Mar 1, 2023",7:30p,Philadelphia 76ers,119,Miami Heat,96,Box Score,,19600.0,2:09,Kaseya Center,
"Wed, Mar 1, 2023",7:30p,Brooklyn Nets,118,New York Knicks,142,Box Score,,19812.0,2:19,Madison Square Garden (IV),
"Wed, Mar 1, 2023",8:00p,Memphis Grizzlies,113,Houston Rockets,99,Box Score,,15919.0,2:06,Toyota Center,
"Wed, Mar 1, 2023",8:00p,Orlando Magic,117,Milwaukee Bucks,139,Box Score,,17354.0,2:13,Fiserv Forum,
"Wed, Mar 1, 2023",8:00p,Los Angeles Lakers,123,Oklahoma City Thunder,117,Box Score,,17114.0,2:17,Paycom Center,
"Wed, Mar 1, 2023",10:00p,New Orleans Pelicans,121,Portland Trail Blazers,110,Box Score,,18566.0,2:13,Moda Center,
"Thu, Mar 2, 2023",7:00p,Toronto Raptors,108,Washington Wizards,119,Box Score,,14643.0,2:08,Capital One Arena,
"Thu, Mar 2, 2023",7:30p,Philadelphia 76ers,126,Dallas Mavericks,133,Box Score,,20002.0,2:25,American Airlines Center,
"Thu, Mar 2, 2023",8:30p,Indiana Pacers,99,San Antonio Spurs,110,Box Score,,14617.0,2:07,AT&T Center,
"Thu, Mar 2, 2023",10:00p,Los Angeles Clippers,91,Golden State Warriors,115,Box Score,,18064.0,2:27,Chase Center,
"Fri, Mar 3, 2023",7:00p,Orlando Magic,117,Charlotte Hornets,106,Box Score,,16683.0,2:16,Spectrum Center,
"Fri, Mar 3, 2023",7:30p,Portland Trail Blazers,111,Atlanta Hawks,129,Box Score,,17521.0,2:06,State Farm Arena,
"Fri, Mar 3, 2023",7:30p,Brooklyn Nets,115,Boston Celtics,105,Box Score,,19156.0,2:20,TD Garden,
"Fri, Mar 3, 2023",8:00p,Phoenix Suns,125,Chicago Bulls,104,Box Score,,21169.0,2:10,United Center,
"Fri, Mar 3, 2023",8:00p,New York Knicks,122,Miami Heat,120,Box Score,,19600.0,2:21,Kaseya Center,
"Fri, Mar 3, 2023",8:00p,Utah Jazz,103,Oklahoma City Thunder,130,Box Score,,16538.0,2:03,Paycom Center,
"Fri, Mar 3, 2023",10:00p,Memphis Grizzlies,97,Denver Nuggets,113,Box Score,,19641.0,2:28,Ball Arena,
"Fri, Mar 3, 2023",10:00p,New Orleans Pelicans,99,Golden State Warriors,108,Box Score,,18064.0,2:19,Chase Center,
"Fri, Mar 3, 2023",10:00p,Los Angeles Clippers,127,Sacramento Kings,128,Box Score,,18111.0,2:19,Golden 1 Center,
"Fri, Mar 3, 2023",10:30p,Minnesota Timberwolves,110,Los Angeles Lakers,102,Box Score,,18997.0,2:10,Crypto.com Arena,
"Sat, Mar 4, 2023",5:00p,Toronto Raptors,116,Washington Wizards,109,Box Score,OT,18174.0,2:24,Capital One Arena,
"Sat, Mar 4, 2023",7:30p,Detroit Pistons,90,Cleveland Cavaliers,114,Box Score,,19432.0,2:05,Rocket Mortgage Fieldhouse,
"Sat, Mar 4, 2023",8:00p,Atlanta Hawks,109,Miami Heat,117,Box Score,,19600.0,2:11,Kaseya Center,
"Sat, Mar 4, 2023",8:00p,Houston Rockets,122,San Antonio Spurs,110,Box Score,,18354.0,2:08,AT&T Center,
"Sat, Mar 4, 2023",8:30p,Philadelphia 76ers,133,Milwaukee Bucks,130,Box Score,,18100.0,2:31,Fiserv Forum,
"Sat, Mar 4, 2023",10:00p,Minnesota Timberwolves,138,Sacramento Kings,134,Box Score,,18111.0,2:13,Golden 1 Center,
"Sun, Mar 5, 2023",1:00p,Phoenix Suns,130,Dallas Mavericks,126,Box Score,,20311.0,2:33,American Airlines Center,
"Sun, Mar 5, 2023",3:30p,Indiana Pacers,125,Chicago Bulls,122,Box Score,,21225.0,2:20,United Center,
"Sun, Mar 5, 2023",3:30p,Golden State Warriors,105,Los Angeles Lakers,113,Box Score,,18997.0,2:23,Crypto.com Arena,
"Sun, Mar 5, 2023",6:00p,Charlotte Hornets,86,Brooklyn Nets,102,Box Score,,17921.0,2:02,Barclays Center,
"Sun, Mar 5, 2023",6:00p,Portland Trail Blazers,122,Orlando Magic,119,Box Score,,18846.0,2:26,Amway Center,
"Sun, Mar 5, 2023",7:00p,San Antonio Spurs,110,Houston Rockets,142,Box Score,,16721.0,2:09,Toyota Center,
"Sun, Mar 5, 2023",7:00p,Utah Jazz,119,Oklahoma City Thunder,129,Box Score,,14778.0,2:10,Paycom Center,
"Sun, Mar 5, 2023",7:30p,New York Knicks,131,Boston Celtics,129,Box Score,2OT,19156.0,2:56,TD Garden,
"Sun, Mar 5, 2023",7:30p,Milwaukee Bucks,117,Washington Wizards,111,Box Score,,18746.0,2:11,Capital One Arena,
"Sun, Mar 5, 2023",10:00p,Memphis Grizzlies,129,Los Angeles Clippers,135,Box Score,,19068.0,2:21,Crypto.com Arena,
"Mon, Mar 6, 2023",7:00p,Boston Celtics,114,Cleveland Cavaliers,118,Box Score,OT,19432.0,2:36,Rocket Mortgage Fieldhouse,
"Mon, Mar 6, 2023",7:00p,Portland Trail Blazers,110,Detroit Pistons,104,Box Score,,16989.0,2:08,Little Caesars Arena,
"Mon, Mar 6, 2023",7:00p,Philadelphia 76ers,147,Indiana Pacers,143,Box Score,,15008.0,2:29,Gainbridge Fieldhouse,
"Mon, Mar 6, 2023",7:30p,Atlanta Hawks,128,Miami Heat,130,Box Score,,19600.0,2:20,Kaseya Center,
"Mon, Mar 6, 2023",9:00p,Toronto Raptors,113,Denver Nuggets,118,Box Score,,19520.0,2:13,Ball Arena,
"Mon, Mar 6, 2023",10:00p,New Orleans Pelicans,108,Sacramento Kings,123,Box Score,,17708.0,2:05,Golden 1 Center,
"Tue, Mar 7, 2023",7:00p,Washington Wizards,119,Detroit Pistons,117,Box Score,,17855.0,2:06,Little Caesars Arena,
"Tue, Mar 7, 2023",7:00p,Milwaukee Bucks,134,Orlando Magic,123,Box Score,,16110.0,2:12,Amway Center,
"Tue, Mar 7, 2023",7:30p,Philadelphia 76ers,117,Minnesota Timberwolves,94,Box Score,,17136.0,2:14,Target Center,
"Tue, Mar 7, 2023",7:30p,Charlotte Hornets,112,New York Knicks,105,Box Score,,19812.0,2:13,Madison Square Garden (IV),
"Tue, Mar 7, 2023",8:00p,Brooklyn Nets,118,Houston Rockets,96,Box Score,,14833.0,2:05,Toyota Center,
"Tue, Mar 7, 2023",8:00p,Golden State Warriors,128,Oklahoma City Thunder,137,Box Score,,16142.0,2:21,Paycom Center,
"Tue, Mar 7, 2023",8:30p,Utah Jazz,116,Dallas Mavericks,120,Box Score,,20277.0,2:17,American Airlines Center,
"Tue, Mar 7, 2023",10:00p,Memphis Grizzlies,103,Los Angeles Lakers,112,Box Score,,18997.0,2:24,Crypto.com Arena,
"Wed, Mar 8, 2023",7:00p,Atlanta Hawks,122,Washington Wizards,120,Box Score,,15087.0,2:14,Capital One Arena,
"Wed, Mar 8, 2023",7:30p,Portland Trail Blazers,93,Boston Celtics,115,Box Score,,19156.0,2:02,TD Garden,
"Wed, Mar 8, 2023",7:30p,Cleveland Cavaliers,104,Miami Heat,100,Box Score,,19600.0,2:28,Kaseya Center,
"Wed, Mar 8, 2023",7:30p,Dallas Mavericks,106,New Orleans Pelicans,113,Box Score,,17473.0,2:13,Smoothie King Center,
"Wed, Mar 8, 2023",9:00p,Chicago Bulls,117,Denver Nuggets,96,Box Score,,19896.0,2:01,Ball Arena,
"Wed, Mar 8, 2023",9:00p,Oklahoma City Thunder,101,Phoenix Suns,132,Box Score,,17071.0,2:07,Footprint Center,
"Wed, Mar 8, 2023",10:00p,Toronto Raptors,100,Los Angeles Clippers,108,Box Score,,17397.0,2:17,Crypto.com Arena,
"Thu, Mar 9, 2023",7:00p,Charlotte Hornets,113,Detroit Pistons,103,Box Score,,17121.0,2:08,Little Caesars Arena,
"Thu, Mar 9, 2023",7:00p,Houston Rockets,125,Indiana Pacers,134,Box Score,OT,16027.0,2:29,Gainbridge Fieldhouse,
"Thu, Mar 9, 2023",7:00p,Utah Jazz,131,Orlando Magic,124,Box Score,,16552.0,2:22,Amway Center,
"Thu, Mar 9, 2023",7:30p,Golden State Warriors,110,Memphis Grizzlies,131,Box Score,,17794.0,2:25,FedEx Forum,
"Thu, Mar 9, 2023",8:00p,Brooklyn Nets,113,Milwaukee Bucks,118,Box Score,,17341.0,2:08,Fiserv Forum,
"Thu, Mar 9, 2023",10:00p,New York Knicks,117,Sacramento Kings,122,Box Score,,18068.0,2:33,Golden 1 Center,
"Fri, Mar 10, 2023",7:00p,Portland Trail Blazers,119,Philadelphia 76ers,120,Box Score,,21001.0,2:21,Wells Fargo Center,
"Fri, Mar 10, 2023",7:00p,Atlanta Hawks,114,Washington Wizards,107,Box Score,,18161.0,2:23,Capital One Arena,
"Fri, Mar 10, 2023",8:00p,Cleveland Cavaliers,115,Miami Heat,119,Box Score,,19757.0,2:21,Kaseya Center,
"Fri, Mar 10, 2023",8:00p,Brooklyn Nets,124,Minnesota Timberwolves,123,Box Score,OT,17136.0,2:38,Target Center,
"Fri, Mar 10, 2023",8:00p,Denver Nuggets,120,San Antonio Spurs,128,Box Score,,18354.0,2:10,AT&T Center,
"Fri, Mar 10, 2023",10:30p,Toronto Raptors,112,Los Angeles Lakers,122,Box Score,,18322.0,2:06,Crypto.com Arena,
"Sat, Mar 11, 2023",4:00p,New York Knicks,95,Los Angeles Clippers,106,Box Score,,19068.0,2:14,Crypto.com Arena,
"Sat, Mar 11, 2023",7:00p,Utah Jazz,119,Charlotte Hornets,111,Box Score,,17221.0,1:58,Spectrum Center,
"Sat, Mar 11, 2023",7:00p,Indiana Pacers,121,Detroit Pistons,115,Box Score,,20190.0,2:13,Little Caesars Arena,
"Sat, Mar 11, 2023",7:00p,Miami Heat,114,Orlando Magic,126,Box Score,OT,17347.0,2:30,Amway Center,
"Sat, Mar 11, 2023",7:30p,Boston Celtics,134,Atlanta Hawks,125,Box Score,,17884.0,2:12,State Farm Arena,
"Sat, Mar 11, 2023",8:00p,Chicago Bulls,119,Houston Rockets,111,Box Score,,18055.0,2:13,Toyota Center,
"Sat, Mar 11, 2023",8:00p,Dallas Mavericks,108,Memphis Grizzlies,112,Box Score,,17794.0,2:09,FedEx Forum,
"Sat, Mar 11, 2023",8:30p,Milwaukee Bucks,116,Golden State Warriors,125,Box Score,OT,18064.0,2:32,Chase Center,
"Sat, Mar 11, 2023",8:30p,Oklahoma City Thunder,110,New Orleans Pelicans,96,Box Score,,17606.0,2:14,Smoothie King Center,
"Sat, Mar 11, 2023",9:00p,Sacramento Kings,128,Phoenix Suns,119,Box Score,,17071.0,2:27,Footprint Center,
"Sun, Mar 12, 2023",3:30p,Brooklyn Nets,122,Denver Nuggets,120,Box Score,,19739.0,,Ball Arena,
"Sun, Mar 12, 2023",5:00p,Cleveland Cavaliers,114,Charlotte Hornets,108,Box Score,,17342.0,2:14,Spectrum Center,
"Sun, Mar 12, 2023",6:00p,Washington Wizards,93,Philadelphia 76ers,112,Box Score,,21220.0,2:12,Wells Fargo Center,
"Sun, Mar 12, 2023",7:00p,Portland Trail Blazers,110,New Orleans Pelicans,127,Box Score,,16676.0,2:12,Smoothie King Center,
"Sun, Mar 12, 2023",7:00p,Oklahoma City Thunder,102,San Antonio Spurs,90,Box Score,,17314.0,2:02,AT&T Center,
"Sun, Mar 12, 2023",9:00p,New York Knicks,112,Los Angeles Lakers,108,Box Score,,18997.0,2:19,Crypto.com Arena,
"Mon, Mar 13, 2023",7:00p,Indiana Pacers,97,Detroit Pistons,117,Box Score,,18313.0,2:02,Little Caesars Arena,
"Mon, Mar 13, 2023",7:30p,Minnesota Timberwolves,136,Atlanta Hawks,115,Box Score,,17799.0,2:09,State Farm Arena,
"Mon, Mar 13, 2023",7:30p,Memphis Grizzlies,104,Dallas Mavericks,88,Box Score,,20303.0,2:10,American Airlines Center,
"Mon, Mar 13, 2023",7:30p,Utah Jazz,115,Miami Heat,119,Box Score,,19721.0,2:14,Kaseya Center,
"Mon, Mar 13, 2023",8:00p,Boston Celtics,109,Houston Rockets,111,Box Score,,18055.0,2:19,Toyota Center,
"Mon, Mar 13, 2023",10:00p,Phoenix Suns,112,Golden State Warriors,123,Box Score,,18064.0,2:27,Chase Center,
"Mon, Mar 13, 2023",10:00p,Milwaukee Bucks,133,Sacramento Kings,124,Box Score,,18111.0,2:15,Golden 1 Center,
"Tue, Mar 14, 2023",7:00p,Cleveland Cavaliers,120,Charlotte Hornets,104,Box Score,,14690.0,2:06,Spectrum Center,
"Tue, Mar 14, 2023",7:00p,Detroit Pistons,97,Washington Wizards,117,Box Score,,15279.0,2:01,Capital One Arena,
"Tue, Mar 14, 2023",7:30p,Denver Nuggets,110,Toronto Raptors,125,Box Score,,19800.0,2:10,Scotiabank Arena,
"Tue, Mar 14, 2023",8:00p,Los Angeles Lakers,123,New Orleans Pelicans,108,Box Score,,18625.0,2:11,Smoothie King Center,
"Tue, Mar 14, 2023",8:00p,Brooklyn Nets,107,Oklahoma City Thunder,121,Box Score,,16976.0,2:17,Paycom Center,
"Tue, Mar 14, 2023",8:00p,Orlando Magic,114,San Antonio Spurs,132,Box Score,,13708.0,2:02,AT&T Center,
"Tue, Mar 14, 2023",10:00p,Milwaukee Bucks,116,Phoenix Suns,104,Box Score,,17071.0,2:15,Footprint Center,
"Tue, Mar 14, 2023",10:00p,New York Knicks,123,Portland Trail Blazers,107,Box Score,,19488.0,2:09,Moda Center,
"Wed, Mar 15, 2023",7:30p,Philadelphia 76ers,118,Cleveland Cavaliers,109,Box Score,,19432.0,2:26,Rocket Mortgage Fieldhouse,
"Wed, Mar 15, 2023",7:30p,Memphis Grizzlies,119,Miami Heat,138,Box Score,,19794.0,2:13,Kaseya Center,
"Wed, Mar 15, 2023",8:00p,Sacramento Kings,117,Chicago Bulls,114,Box Score,,21886.0,2:21,United Center,
"Wed, Mar 15, 2023",8:00p,Los Angeles Lakers,110,Houston Rockets,114,Box Score,,18055.0,2:23,Toyota Center,
"Wed, Mar 15, 2023",8:00p,Boston Celtics,104,Minnesota Timberwolves,102,Box Score,,17136.0,2:20,Target Center,
"Wed, Mar 15, 2023",8:30p,Dallas Mavericks,137,San Antonio Spurs,128,Box Score,OT,18354.0,2:37,AT&T Center,
"Wed, Mar 15, 2023",10:00p,Golden State Warriors,126,Los Angeles Clippers,134,Box Score,,19068.0,2:31,Crypto.com Arena,
"Thu, Mar 16, 2023",7:00p,Denver Nuggets,119,Detroit Pistons,100,Box Score,,17987.0,2:07,Little Caesars Arena,
"Thu, Mar 16, 2023",7:30p,Sacramento Kings,101,Brooklyn Nets,96,Box Score,,18172.0,2:13,Barclays Center,
"Thu, Mar 16, 2023",7:30p,Oklahoma City Thunder,111,Toronto Raptors,128,Box Score,,19800.0,2:04,Scotiabank Arena,
"Thu, Mar 16, 2023",8:00p,Indiana Pacers,139,Milwaukee Bucks,123,Box Score,,17797.0,2:09,Fiserv Forum,
"Thu, Mar 16, 2023",10:00p,Orlando Magic,113,Phoenix Suns,116,Box Score,,17071.0,2:19,Footprint Center,
"Fri, Mar 17, 2023",7:00p,Philadelphia 76ers,121,Charlotte Hornets,82,Box Score,,19096.0,2:04,Spectrum Center,
"Fri, Mar 17, 2023",7:30p,Golden State Warriors,119,Atlanta Hawks,127,Box Score,,18201.0,2:10,State Farm Arena,
"Fri, Mar 17, 2023",7:30p,Washington Wizards,94,Cleveland Cavaliers,117,Box Score,,19432.0,2:11,Rocket Mortgage Fieldhouse,
"Fri, Mar 17, 2023",8:00p,Minnesota Timberwolves,131,Chicago Bulls,139,Box Score,2OT,20109.0,2:47,United Center,
"Fri, Mar 17, 2023",8:00p,New Orleans Pelicans,112,Houston Rockets,114,Box Score,,15841.0,2:16,Toyota Center,
"Fri, Mar 17, 2023",8:00p,Memphis Grizzlies,126,San Antonio Spurs,120,Box Score,OT,15221.0,2:33,AT&T Center,
"Fri, Mar 17, 2023",10:00p,Boston Celtics,126,Portland Trail Blazers,112,Box Score,,19393.0,2:15,Moda Center,
"Fri, Mar 17, 2023",10:30p,Dallas Mavericks,111,Los Angeles Lakers,110,Box Score,,18997.0,2:18,Crypto.com Arena,
"Sat, Mar 18, 2023",1:00p,Denver Nuggets,110,New York Knicks,116,Box Score,,19812.0,2:08,Madison Square Garden (IV),
"Sat, Mar 18, 2023",3:00p,Orlando Magic,113,Los Angeles Clippers,108,Box Score,,17533.0,2:15,Crypto.com Arena,
"Sat, Mar 18, 2023",7:00p,Philadelphia 76ers,141,Indiana Pacers,121,Box Score,,17274.0,2:07,Gainbridge Fieldhouse,
"Sat, Mar 18, 2023",7:00p,Minnesota Timberwolves,107,Toronto Raptors,122,Box Score,,19800.0,2:09,Scotiabank Arena,
"Sat, Mar 18, 2023",8:00p,Miami Heat,99,Chicago Bulls,113,Box Score,,20094.0,2:05,United Center,
"Sat, Mar 18, 2023",8:00p,Golden State Warriors,119,Memphis Grizzlies,133,Box Score,,18396.0,2:19,FedEx Forum,
"Sat, Mar 18, 2023",8:00p,Sacramento Kings,132,Washington Wizards,118,Box Score,,18529.0,2:07,Capital One Arena,
"Sat, Mar 18, 2023",9:00p,Boston Celtics,117,Utah Jazz,118,Box Score,,18206.0,2:11,Vivint Arena,
"Sun, Mar 19, 2023",3:30p,Denver Nuggets,108,Brooklyn Nets,102,Box Score,,18235.0,2:04,Barclays Center,
"Sun, Mar 19, 2023",3:30p,Phoenix Suns,120,Oklahoma City Thunder,124,Box Score,,17897.0,2:24,Paycom Center,
"Sun, Mar 19, 2023",4:00p,Atlanta Hawks,118,San Antonio Spurs,126,Box Score,,16311.0,2:07,AT&T Center,
"Sun, Mar 19, 2023",6:00p,Miami Heat,112,Detroit Pistons,100,Box Score,,20190.0,2:13,Little Caesars Arena,
"Sun, Mar 19, 2023",7:00p,New Orleans Pelicans,117,Houston Rockets,107,Box Score,,14209.0,2:19,Toyota Center,
"Sun, Mar 19, 2023",8:00p,Toronto Raptors,111,Milwaukee Bucks,118,Box Score,,17341.0,2:08,Fiserv Forum,
"Sun, Mar 19, 2023",9:00p,Los Angeles Clippers,117,Portland Trail Blazers,102,Box Score,,18714.0,2:05,Moda Center,
"Sun, Mar 19, 2023",9:30p,Orlando Magic,105,Los Angeles Lakers,111,Box Score,,18997.0,2:12,Crypto.com Arena,
"Mon, Mar 20, 2023",7:00p,Indiana Pacers,109,Charlotte Hornets,115,Box Score,,12449.0,2:24,Spectrum Center,
"Mon, Mar 20, 2023",7:00p,Chicago Bulls,109,Philadelphia 76ers,105,Box Score,2OT,21145.0,2:37,Wells Fargo Center,
"Mon, Mar 20, 2023",7:30p,Minnesota Timberwolves,140,New York Knicks,134,Box Score,,19812.0,2:20,Madison Square Garden (IV),
"Mon, Mar 20, 2023",8:00p,Golden State Warriors,121,Houston Rockets,108,Box Score,,16116.0,2:08,Toyota Center,
"Mon, Mar 20, 2023",8:00p,Dallas Mavericks,108,Memphis Grizzlies,112,Box Score,,17794.0,2:17,FedEx Forum,
"Mon, Mar 20, 2023",9:00p,Sacramento Kings,120,Utah Jazz,128,Box Score,,18206.0,2:14,Vivint Arena,
"Tue, Mar 21, 2023",7:00p,Washington Wizards,112,Orlando Magic,122,Box Score,,16096.0,2:12,Amway Center,
"Tue, Mar 21, 2023",7:30p,Detroit Pistons,107,Atlanta Hawks,129,Box Score,,17129.0,2:13,State Farm Arena,
"Tue, Mar 21, 2023",7:30p,Cleveland Cavaliers,115,Brooklyn Nets,109,Box Score,,17732.0,2:14,Barclays Center,
"Tue, Mar 21, 2023",8:00p,San Antonio Spurs,84,New Orleans Pelicans,119,Box Score,,15466.0,2:08,Smoothie King Center,
"Tue, Mar 21, 2023",10:00p,Boston Celtics,132,Sacramento Kings,109,Box Score,,18111.0,2:04,Golden 1 Center,
"Tue, Mar 21, 2023",10:30p,Oklahoma City Thunder,101,Los Angeles Clippers,100,Box Score,,19068.0,2:10,Crypto.com Arena,
"Wed, Mar 22, 2023",7:00p,Denver Nuggets,118,Washington Wizards,104,Box Score,,16508.0,2:08,Capital One Arena,
"Wed, Mar 22, 2023",7:30p,Golden State Warriors,127,Dallas Mavericks,125,Box Score,,20377.0,2:28,American Airlines Center,
"Wed, Mar 22, 2023",7:30p,New York Knicks,120,Miami Heat,127,Box Score,,19863.0,2:17,Kaseya Center,
"Wed, Mar 22, 2023",7:30p,Indiana Pacers,118,Toronto Raptors,114,Box Score,,19800.0,2:17,Scotiabank Arena,
"Wed, Mar 22, 2023",8:00p,Philadelphia 76ers,116,Chicago Bulls,91,Box Score,,20946.0,2:17,United Center,
"Wed, Mar 22, 2023",8:00p,Houston Rockets,125,Memphis Grizzlies,130,Box Score,,17794.0,2:16,FedEx Forum,
"Wed, Mar 22, 2023",8:00p,San Antonio Spurs,94,Milwaukee Bucks,130,Box Score,,17756.0,2:03,Fiserv Forum,
"Wed, Mar 22, 2023",8:00p,Atlanta Hawks,124,Minnesota Timberwolves,125,Box Score,,17136.0,2:19,Target Center,
"Wed, Mar 22, 2023",9:00p,Portland Trail Blazers,127,Utah Jazz,115,Box Score,,,2:16,Vivint Arena,
"Wed, Mar 22, 2023",10:00p,Phoenix Suns,111,Los Angeles Lakers,122,Box Score,,18435.0,2:22,Crypto.com Arena,
"Thu, Mar 23, 2023",7:00p,New York Knicks,106,Orlando Magic,111,Box Score,,17607.0,2:14,Amway Center,
"Thu, Mar 23, 2023",7:30p,Cleveland Cavaliers,116,Brooklyn Nets,114,Box Score,,17732.0,2:13,Barclays Center,
"Thu, Mar 23, 2023",8:00p,Charlotte Hornets,96,New Orleans Pelicans,115,Box Score,,15749.0,2:00,Smoothie King Center,
"Thu, Mar 23, 2023",10:30p,Oklahoma City Thunder,105,Los Angeles Clippers,127,Box Score,,17307.0,2:01,Crypto.com Arena,
"Fri, Mar 24, 2023",7:00p,Indiana Pacers,95,Boston Celtics,120,Box Score,,19156.0,2:05,TD Garden,
"Fri, Mar 24, 2023",7:00p,San Antonio Spurs,124,Washington Wizards,136,Box Score,,17004.0,2:01,Capital One Arena,
"Fri, Mar 24, 2023",7:30p,Detroit Pistons,97,Toronto Raptors,118,Box Score,,19800.0,2:13,Scotiabank Arena,
"Fri, Mar 24, 2023",8:00p,Houston Rockets,114,Memphis Grizzlies,151,Box Score,,17851.0,1:59,FedEx Forum,
"Fri, Mar 24, 2023",8:30p,Charlotte Hornets,117,Dallas Mavericks,109,Box Score,,20347.0,2:11,American Airlines Center,
"Fri, Mar 24, 2023",9:00p,Milwaukee Bucks,144,Utah Jazz,116,Box Score,,18206.0,2:09,Vivint Arena,
"Fri, Mar 24, 2023",10:00p,Philadelphia 76ers,112,Golden State Warriors,120,Box Score,,18064.0,2:21,Chase Center,
"Fri, Mar 24, 2023",10:00p,Chicago Bulls,124,Portland Trail Blazers,96,Box Score,,19393.0,1:58,Moda Center,
"Fri, Mar 24, 2023",10:00p,Phoenix Suns,127,Sacramento Kings,135,Box Score,,18151.0,2:20,Golden 1 Center,
"Fri, Mar 24, 2023",10:30p,Oklahoma City Thunder,111,Los Angeles Lakers,116,Box Score,,18997.0,2:09,Crypto.com Arena,
"Sat, Mar 25, 2023",5:00p,Indiana Pacers,130,Atlanta Hawks,143,Box Score,,17699.0,2:07,State Farm Arena,
"Sat, Mar 25, 2023",8:00p,Brooklyn Nets,129,Miami Heat,100,Box Score,,19680.0,2:13,Kaseya Center,
"Sat, Mar 25, 2023",9:00p,Milwaukee Bucks,106,Denver Nuggets,129,Box Score,,19919.0,2:13,Ball Arena,
"Sat, Mar 25, 2023",10:00p,Philadelphia 76ers,105,Phoenix Suns,125,Box Score,,17071.0,2:12,Footprint Center,
"Sat, Mar 25, 2023",10:00p,Utah Jazz,113,Sacramento Kings,121,Box Score,,18151.0,2:07,Golden 1 Center,
"Sat, Mar 25, 2023",10:30p,New Orleans Pelicans,131,Los Angeles Clippers,110,Box Score,,17702.0,2:06,Crypto.com Arena,
"Sun, Mar 26, 2023",1:00p,Dallas Mavericks,104,Charlotte Hornets,110,Box Score,,19264.0,2:13,Spectrum Center,
"Sun, Mar 26, 2023",3:30p,Chicago Bulls,118,Los Angeles Lakers,108,Box Score,,18997.0,2:12,Crypto.com Arena,
"Sun, Mar 26, 2023",6:00p,Memphis Grizzlies,123,Atlanta Hawks,119,Box Score,,18056.0,2:15,State Farm Arena,
"Sun, Mar 26, 2023",6:00p,San Antonio Spurs,93,Boston Celtics,137,Box Score,,19156.0,2:03,TD Garden,
"Sun, Mar 26, 2023",6:00p,Houston Rockets,91,Cleveland Cavaliers,108,Box Score,,19432.0,2:07,Rocket Mortgage Fieldhouse,
"Sun, Mar 26, 2023",6:00p,Brooklyn Nets,106,Orlando Magic,119,Box Score,,17862.0,2:11,Amway Center,
"Sun, Mar 26, 2023",6:00p,Washington Wizards,104,Toronto Raptors,114,Box Score,,19800.0,2:06,Scotiabank Arena,
"Sun, Mar 26, 2023",7:00p,Oklahoma City Thunder,118,Portland Trail Blazers,112,Box Score,,18626.0,2:12,Moda Center,
"Sun, Mar 26, 2023",8:30p,Minnesota Timberwolves,99,Golden State Warriors,96,Box Score,,18064.0,2:30,Chase Center,
"Mon, Mar 27, 2023",7:00p,Milwaukee Bucks,126,Detroit Pistons,117,Box Score,,21090.0,2:15,Little Caesars Arena,
"Mon, Mar 27, 2023",7:00p,Dallas Mavericks,127,Indiana Pacers,104,Box Score,,17022.0,2:13,Gainbridge Fieldhouse,
"Mon, Mar 27, 2023",7:30p,Houston Rockets,115,New York Knicks,137,Box Score,,19812.0,2:10,Madison Square Garden (IV),
"Mon, Mar 27, 2023",9:00p,Phoenix Suns,117,Utah Jazz,103,Box Score,,18206.0,2:07,Vivint Arena,
"Mon, Mar 27, 2023",9:30p,Philadelphia 76ers,111,Denver Nuggets,116,Box Score,,19781.0,2:07,Ball Arena,
"Mon, Mar 27, 2023",10:00p,New Orleans Pelicans,124,Portland Trail Blazers,90,Box Score,,17943.0,2:00,Moda Center,
"Mon, Mar 27, 2023",10:00p,Minnesota Timberwolves,119,Sacramento Kings,115,Box Score,,18151.0,2:24,Golden 1 Center,
"Mon, Mar 27, 2023",10:30p,Chicago Bulls,112,Los Angeles Clippers,124,Box Score,,19068.0,2:03,Crypto.com Arena,
"Tue, Mar 28, 2023",7:00p,Boston Celtics,111,Washington Wizards,130,Box Score,,20476.0,2:02,Capital One Arena,
"Tue, Mar 28, 2023",7:30p,Cleveland Cavaliers,118,Atlanta Hawks,120,Box Score,,17748.0,2:22,State Farm Arena,
"Tue, Mar 28, 2023",7:30p,Miami Heat,92,Toronto Raptors,106,Box Score,,19800.0,2:05,Scotiabank Arena,
"Tue, Mar 28, 2023",8:00p,Orlando Magic,108,Memphis Grizzlies,113,Box Score,,16507.0,2:14,FedEx Forum,
"Tue, Mar 28, 2023",8:00p,Charlotte Hornets,137,Oklahoma City Thunder,134,Box Score,,15428.0,2:19,Paycom Center,
"Tue, Mar 28, 2023",10:00p,New Orleans Pelicans,109,Golden State Warriors,120,Box Score,,18064.0,2:36,Chase Center,
"Wed, Mar 29, 2023",7:00p,Milwaukee Bucks,149,Indiana Pacers,136,Box Score,,16524.0,2:22,Gainbridge Fieldhouse,
"Wed, Mar 29, 2023",7:30p,Houston Rockets,114,Brooklyn Nets,123,Box Score,,17074.0,2:12,Barclays Center,
"Wed, Mar 29, 2023",7:30p,Miami Heat,92,New York Knicks,101,Box Score,,19812.0,2:09,Madison Square Garden (IV),
"Wed, Mar 29, 2023",7:30p,Dallas Mavericks,108,Philadelphia 76ers,116,Box Score,,20583.0,2:26,Wells Fargo Center,
"Wed, Mar 29, 2023",8:00p,Los Angeles Lakers,121,Chicago Bulls,110,Box Score,,21739.0,2:13,United Center,
"Wed, Mar 29, 2023",8:00p,Los Angeles Clippers,141,Memphis Grizzlies,132,Box Score,,16775.0,2:16,FedEx Forum,
"Wed, Mar 29, 2023",8:00p,Detroit Pistons,106,Oklahoma City Thunder,107,Box Score,,15047.0,2:17,Paycom Center,
"Wed, Mar 29, 2023",8:00p,Utah Jazz,128,San Antonio Spurs,117,Box Score,,18354.0,,AT&T Center,
"Wed, Mar 29, 2023",10:00p,Minnesota Timberwolves,100,Phoenix Suns,107,Box Score,,17071.0,2:17,Footprint Center,
"Wed, Mar 29, 2023",10:00p,Sacramento Kings,120,Portland Trail Blazers,80,Box Score,,18550.0,1:59,Moda Center,
"Thu, Mar 30, 2023",7:30p,Boston Celtics,140,Milwaukee Bucks,99,Box Score,,18073.0,2:09,Fiserv Forum,
"Thu, Mar 30, 2023",10:00p,New Orleans Pelicans,107,Denver Nuggets,88,Box Score,,19728.0,2:30,Ball Arena,
"Fri, Mar 31, 2023",7:00p,Chicago Bulls,121,Charlotte Hornets,91,Box Score,,18768.0,2:06,Spectrum Center,
"Fri, Mar 31, 2023",7:00p,Oklahoma City Thunder,117,Indiana Pacers,121,Box Score,,16506.0,2:32,Gainbridge Fieldhouse,
"Fri, Mar 31, 2023",7:00p,Toronto Raptors,110,Philadelphia 76ers,117,Box Score,,20993.0,2:19,Wells Fargo Center,
"Fri, Mar 31, 2023",7:00p,Orlando Magic,116,Washington Wizards,109,Box Score,,16411.0,2:15,Capital One Arena,
"Fri, Mar 31, 2023",7:30p,Utah Jazz,114,Boston Celtics,122,Box Score,,19156.0,2:05,TD Garden,
"Fri, Mar 31, 2023",7:30p,Atlanta Hawks,107,Brooklyn Nets,124,Box Score,,17849.0,2:06,Barclays Center,
"Fri, Mar 31, 2023",7:30p,New York Knicks,130,Cleveland Cavaliers,116,Box Score,,19432.0,2:09,Rocket Mortgage Fieldhouse,
"Fri, Mar 31, 2023",8:00p,Detroit Pistons,115,Houston Rockets,121,Box Score,,15844.0,2:28,Toyota Center,
"Fri, Mar 31, 2023",8:00p,Los Angeles Clippers,94,Memphis Grizzlies,108,Box Score,,16376.0,2:02,FedEx Forum,
"Fri, Mar 31, 2023",8:00p,Los Angeles Lakers,123,Minnesota Timberwolves,111,Box Score,,18978.0,2:23,Target Center,
"Fri, Mar 31, 2023",10:00p,San Antonio Spurs,115,Golden State Warriors,130,Box Score,,18064.0,2:11,Chase Center,
"Fri, Mar 31, 2023",10:00p,Sacramento Kings,138,Portland Trail Blazers,114,Box Score,,18389.0,2:04,Moda Center,
"Fri, Mar 31, 2023",10:30p,Denver Nuggets,93,Phoenix Suns,100,Box Score,,17071.0,2:08,Footprint Center,
"Sat, Apr 1, 2023",7:30p,Dallas Mavericks,122,Miami Heat,129,Box Score,,20011.0,2:18,Kaseya Center,
"Sat, Apr 1, 2023",8:30p,Los Angeles Clippers,114,New Orleans Pelicans,122,Box Score,,18399.0,2:13,Smoothie King Center,
"Sun, Apr 2, 2023",1:00p,Toronto Raptors,128,Charlotte Hornets,108,Box Score,,16052.0,1:54,Spectrum Center,
"Sun, Apr 2, 2023",3:30p,Utah Jazz,110,Brooklyn Nets,111,Box Score,,17732.0,2:18,Barclays Center,
"Sun, Apr 2, 2023",3:30p,Memphis Grizzlies,107,Chicago Bulls,128,Box Score,,20944.0,2:07,United Center,
"Sun, Apr 2, 2023",3:30p,Portland Trail Blazers,107,Minnesota Timberwolves,105,Box Score,,18978.0,2:17,Target Center,
"Sun, Apr 2, 2023",6:00p,Dallas Mavericks,130,Atlanta Hawks,132,Box Score,OT,17678.0,2:40,State Farm Arena,
"Sun, Apr 2, 2023",6:00p,Washington Wizards,109,New York Knicks,118,Box Score,,19812.0,2:02,Madison Square Garden (IV),
"Sun, Apr 2, 2023",6:00p,Detroit Pistons,102,Orlando Magic,128,Box Score,,19431.0,2:42,Amway Center,
"Sun, Apr 2, 2023",6:00p,San Antonio Spurs,142,Sacramento Kings,134,Box Score,OT,18183.0,2:29,Golden 1 Center,
"Sun, Apr 2, 2023",7:00p,Los Angeles Lakers,134,Houston Rockets,109,Box Score,,18204.0,2:02,Toyota Center,
"Sun, Apr 2, 2023",7:00p,Phoenix Suns,128,Oklahoma City Thunder,118,Box Score,,17981.0,2:23,Paycom Center,
"Sun, Apr 2, 2023",8:00p,Indiana Pacers,105,Cleveland Cavaliers,115,Box Score,,19432.0,2:19,Rocket Mortgage Fieldhouse,
"Sun, Apr 2, 2023",8:00p,Philadelphia 76ers,104,Milwaukee Bucks,117,Box Score,,17532.0,2:09,Fiserv Forum,
"Sun, Apr 2, 2023",8:30p,Golden State Warriors,110,Denver Nuggets,112,Box Score,,19752.0,2:13,Ball Arena,
"Tue, Apr 4, 2023",7:00p,Toronto Raptors,120,Charlotte Hornets,100,Box Score,,14965.0,2:09,Spectrum Center,
"Tue, Apr 4, 2023",7:00p,Miami Heat,118,Detroit Pistons,105,Box Score,,18453.0,2:16,Little Caesars Arena,
"Tue, Apr 4, 2023",7:00p,Cleveland Cavaliers,117,Orlando Magic,113,Box Score,,19449.0,2:13,Amway Center,
"Tue, Apr 4, 2023",7:00p,Milwaukee Bucks,140,Washington Wizards,128,Box Score,,19098.0,2:10,Capital One Arena,
"Tue, Apr 4, 2023",7:30p,Minnesota Timberwolves,107,Brooklyn Nets,102,Box Score,,17893.0,2:05,Barclays Center,
"Tue, Apr 4, 2023",8:00p,Atlanta Hawks,123,Chicago Bulls,105,Box Score,,21717.0,2:08,United Center,
"Tue, Apr 4, 2023",8:00p,Denver Nuggets,103,Houston Rockets,124,Box Score,,16924.0,2:05,Toyota Center,
"Tue, Apr 4, 2023",8:00p,Portland Trail Blazers,109,Memphis Grizzlies,119,Box Score,,17558.0,1:58,FedEx Forum,
"Tue, Apr 4, 2023",8:00p,Sacramento Kings,121,New Orleans Pelicans,103,Box Score,,15799.0,2:05,Smoothie King Center,
"Tue, Apr 4, 2023",8:00p,Boston Celtics,101,Philadelphia 76ers,103,Box Score,,21104.0,2:19,Wells Fargo Center,
"Tue, Apr 4, 2023",9:00p,Los Angeles Lakers,135,Utah Jazz,133,Box Score,OT,18206.0,2:31,Vivint Arena,
"Tue, Apr 4, 2023",10:00p,Oklahoma City Thunder,125,Golden State Warriors,136,Box Score,,18064.0,2:17,Chase Center,
"Tue, Apr 4, 2023",10:00p,San Antonio Spurs,94,Phoenix Suns,115,Box Score,,17071.0,2:01,Footprint Center,
"Wed, Apr 5, 2023",7:00p,Brooklyn Nets,123,Detroit Pistons,108,Box Score,,18313.0,2:06,Little Caesars Arena,
"Wed, Apr 5, 2023",7:00p,New York Knicks,138,Indiana Pacers,129,Box Score,,16789.0,2:15,Gainbridge Fieldhouse,
"Wed, Apr 5, 2023",7:30p,Washington Wizards,116,Atlanta Hawks,134,Box Score,,17727.0,2:11,State Farm Arena,
"Wed, Apr 5, 2023",7:30p,Toronto Raptors,93,Boston Celtics,97,Box Score,,19156.0,2:09,TD Garden,
"Wed, Apr 5, 2023",7:30p,Chicago Bulls,92,Milwaukee Bucks,105,Box Score,,17679.0,2:06,Fiserv Forum,
"Wed, Apr 5, 2023",8:00p,Memphis Grizzlies,131,New Orleans Pelicans,138,Box Score,OT,17232.0,2:38,Smoothie King Center,
"Wed, Apr 5, 2023",8:30p,Sacramento Kings,119,Dallas Mavericks,123,Box Score,,20271.0,2:09,American Airlines Center,
"Wed, Apr 5, 2023",10:00p,Los Angeles Lakers,118,Los Angeles Clippers,125,Box Score,,19068.0,2:16,Crypto.com Arena,
"Thu, Apr 6, 2023",7:00p,Cleveland Cavaliers,118,Orlando Magic,94,Box Score,,19235.0,2:02,Amway Center,
"Thu, Apr 6, 2023",7:30p,Miami Heat,129,Philadelphia 76ers,101,Box Score,,21178.0,2:08,Wells Fargo Center,
"Thu, Apr 6, 2023",8:00p,Portland Trail Blazers,127,San Antonio Spurs,129,Box Score,,16023.0,2:16,Moody Center,
"Thu, Apr 6, 2023",9:00p,Oklahoma City Thunder,114,Utah Jazz,98,Box Score,,18206.0,2:06,Vivint Arena,
"Thu, Apr 6, 2023",10:00p,Denver Nuggets,115,Phoenix Suns,119,Box Score,,17071.0,2:11,Footprint Center,
"Fri, Apr 7, 2023",7:00p,Houston Rockets,112,Charlotte Hornets,109,Box Score,,19102.0,2:16,Spectrum Center,
"Fri, Apr 7, 2023",7:00p,Detroit Pistons,122,Indiana Pacers,115,Box Score,,17274.0,2:12,Gainbridge Fieldhouse,
"Fri, Apr 7, 2023",7:00p,Miami Heat,108,Washington Wizards,114,Box Score,,20476.0,2:14,Capital One Arena,
"Fri, Apr 7, 2023",7:30p,Philadelphia 76ers,136,Atlanta Hawks,131,Box Score,OT,17627.0,2:34,State Farm Arena,
"Fri, Apr 7, 2023",7:30p,Toronto Raptors,102,Boston Celtics,121,Box Score,,19156.0,2:02,TD Garden,
"Fri, Apr 7, 2023",7:30p,Orlando Magic,84,Brooklyn Nets,101,Box Score,,18177.0,2:01,Barclays Center,
"Fri, Apr 7, 2023",8:00p,Memphis Grizzlies,137,Milwaukee Bucks,114,Box Score,,18010.0,2:01,Fiserv Forum,
"Fri, Apr 7, 2023",8:00p,New York Knicks,105,New Orleans Pelicans,113,Box Score,,18656.0,2:08,Smoothie King Center,
"Fri, Apr 7, 2023",8:30p,Chicago Bulls,115,Dallas Mavericks,112,Box Score,,20313.0,2:01,American Airlines Center,
"Fri, Apr 7, 2023",10:00p,Golden State Warriors,119,Sacramento Kings,97,Box Score,,18253.0,2:14,Golden 1 Center,
"Fri, Apr 7, 2023",10:30p,Phoenix Suns,107,Los Angeles Lakers,121,Box Score,,18997.0,1:59,Crypto.com Arena,
"Sat, Apr 8, 2023",3:30p,Denver Nuggets,114,Utah Jazz,118,Box Score,,18206.0,2:16,Vivint Arena,
"Sat, Apr 8, 2023",4:00p,Portland Trail Blazers,125,Los Angeles Clippers,136,Box Score,,19068.0,2:03,Crypto.com Arena,
"Sat, Apr 8, 2023",4:00p,Minnesota Timberwolves,151,San Antonio Spurs,131,Box Score,,16148.0,2:06,Moody Center,
"Sun, Apr 9, 2023",1:00p,Atlanta Hawks,114,Boston Celtics,120,Box Score,,19156.0,1:59,TD Garden,
"Sun, Apr 9, 2023",1:00p,Philadelphia 76ers,134,Brooklyn Nets,105,Box Score,,17732.0,2:06,Barclays Center,
"Sun, Apr 9, 2023",1:00p,Detroit Pistons,81,Chicago Bulls,103,Box Score,,21530.0,2:04,United Center,
"Sun, Apr 9, 2023",1:00p,Charlotte Hornets,106,Cleveland Cavaliers,95,Box Score,,19432.0,2:01,Rocket Mortgage Fieldhouse,
"Sun, Apr 9, 2023",1:00p,Orlando Magic,110,Miami Heat,123,Box Score,,19894.0,2:11,Kaseya Center,
"Sun, Apr 9, 2023",1:00p,Indiana Pacers,141,New York Knicks,136,Box Score,,19812.0,2:26,Madison Square Garden (IV),
"Sun, Apr 9, 2023",1:00p,Milwaukee Bucks,105,Toronto Raptors,121,Box Score,,19800.0,1:56,Scotiabank Arena,
"Sun, Apr 9, 2023",1:00p,Houston Rockets,114,Washington Wizards,109,Box Score,,15233.0,2:05,Capital One Arena,
"Sun, Apr 9, 2023",3:30p,San Antonio Spurs,138,Dallas Mavericks,117,Box Score,,20141.0,1:54,American Airlines Center,
"Sun, Apr 9, 2023",3:30p,Sacramento Kings,95,Denver Nuggets,109,Box Score,,19652.0,2:02,Ball Arena,
"Sun, Apr 9, 2023",3:30p,Utah Jazz,117,Los Angeles Lakers,128,Box Score,,18997.0,2:02,Crypto.com Arena,
"Sun, Apr 9, 2023",3:30p,New Orleans Pelicans,108,Minnesota Timberwolves,113,Box Score,,18978.0,2:28,Target Center,
"Sun, Apr 9, 2023",3:30p,Memphis Grizzlies,100,Oklahoma City Thunder,115,Box Score,,16601.0,1:56,Paycom Center,
"Sun, Apr 9, 2023",3:30p,Los Angeles Clippers,119,Phoenix Suns,114,Box Score,,17071.0,2:16,Footprint Center,
"Sun, Apr 9, 2023",3:30p,Golden State Warriors,157,Portland Trail Blazers,101,Box Score,,19731.0,1:57,Moda Center,
"Tue, Apr 11, 2023",7:30p,Atlanta Hawks,116,Miami Heat,105,Box Score,,19662.0,2:21,Kaseya Center,Play-In Game
"Tue, Apr 11, 2023",10:00p,Minnesota Timberwolves,102,Los Angeles Lakers,108,Box Score,OT,18997.0,2:46,Crypto.com Arena,Play-In Game
"Wed, Apr 12, 2023",7:00p,Chicago Bulls,109,Toronto Raptors,105,Box Score,,19800.0,2:32,Scotiabank Arena,Play-In Game
"Wed, Apr 12, 2023",9:30p,Oklahoma City Thunder,123,New Orleans Pelicans,118,Box Score,,18715.0,2:33,Smoothie King Center,Play-In Game
"Fri, Apr 14, 2023",7:00p,Chicago Bulls,91,Miami Heat,102,Box Score,,19678.0,2:28,Kaseya Center,Play-In Game
"Fri, Apr 14, 2023",9:30p,Oklahoma City Thunder,95,Minnesota Timberwolves,120,Box Score,,19304.0,2:19,Target Center,Play-In Game
"Sat, Apr 15, 2023",1:00p,Brooklyn Nets,101,Philadelphia 76ers,121,Box Score,,20913.0,2:14,Wells Fargo Center,
"Sat, Apr 15, 2023",3:30p,Atlanta Hawks,99,Boston Celtics,112,Box Score,,19156.0,2:14,TD Garden,
"Sat, Apr 15, 2023",6:00p,New York Knicks,101,Cleveland Cavaliers,97,Box Score,,19432.0,2:26,Rocket Mortgage Fieldhouse,
"Sat, Apr 15, 2023",8:30p,Golden State Warriors,123,Sacramento Kings,126,Box Score,,18253.0,2:29,Golden 1 Center,
"Sun, Apr 16, 2023",3:00p,Los Angeles Lakers,128,Memphis Grizzlies,112,Box Score,,18487.0,2:20,FedEx Forum,
"Sun, Apr 16, 2023",5:30p,Miami Heat,130,Milwaukee Bucks,117,Box Score,,17381.0,2:28,Fiserv Forum,
"Sun, Apr 16, 2023",8:00p,Los Angeles Clippers,115,Phoenix Suns,110,Box Score,,17071.0,2:31,Footprint Center,
"Sun, Apr 16, 2023",10:30p,Minnesota Timberwolves,80,Denver Nuggets,109,Box Score,,19628.0,2:21,Ball Arena,
"Mon, Apr 17, 2023",7:30p,Brooklyn Nets,84,Philadelphia 76ers,96,Box Score,,20958.0,2:20,Wells Fargo Center,
"Mon, Apr 17, 2023",10:00p,Golden State Warriors,106,Sacramento Kings,114,Box Score,,18253.0,2:34,Golden 1 Center,
"Tue, Apr 18, 2023",7:00p,Atlanta Hawks,106,Boston Celtics,119,Box Score,,19156.0,2:03,TD Garden,
"Tue, Apr 18, 2023",7:30p,New York Knicks,90,Cleveland Cavaliers,107,Box Score,,19432.0,2:21,Rocket Mortgage Fieldhouse,
"Tue, Apr 18, 2023",10:00p,Los Angeles Clippers,109,Phoenix Suns,123,Box Score,,17071.0,2:27,Footprint Center,
"Wed, Apr 19, 2023",7:30p,Los Angeles Lakers,93,Memphis Grizzlies,103,Box Score,,17928.0,2:24,FedEx Forum,
"Wed, Apr 19, 2023",9:00p,Miami Heat,122,Milwaukee Bucks,138,Box Score,,17576.0,2:08,Fiserv Forum,
"Wed, Apr 19, 2023",10:00p,Minnesota Timberwolves,113,Denver Nuggets,122,Box Score,,19683.0,2:29,Ball Arena,
"Thu, Apr 20, 2023",7:30p,Philadelphia 76ers,102,Brooklyn Nets,97,Box Score,,17910.0,2:28,Barclays Center,
"Thu, Apr 20, 2023",10:00p,Sacramento Kings,97,Golden State Warriors,114,Box Score,,18064.0,2:24,Chase Center,
"Thu, Apr 20, 2023",10:30p,Phoenix Suns,129,Los Angeles Clippers,124,Box Score,,19068.0,2:28,Crypto.com Arena,
"Fri, Apr 21, 2023",7:00p,Boston Celtics,122,Atlanta Hawks,130,Box Score,,18536.0,2:19,State Farm Arena,
"Fri, Apr 21, 2023",8:30p,Cleveland Cavaliers,79,New York Knicks,99,Box Score,,19812.0,2:14,Madison Square Garden (IV),
"Fri, Apr 21, 2023",9:30p,Denver Nuggets,120,Minnesota Timberwolves,111,Box Score,,19536.0,2:25,Target Center,
"Sat, Apr 22, 2023",1:00p,Philadelphia 76ers,96,Brooklyn Nets,88,Box Score,,18037.0,2:19,Barclays Center,
"Sat, Apr 22, 2023",3:30p,Phoenix Suns,112,Los Angeles Clippers,100,Box Score,,19068.0,2:13,Crypto.com Arena,
"Sat, Apr 22, 2023",7:30p,Milwaukee Bucks,99,Miami Heat,121,Box Score,,19734.0,2:15,Kaseya Center,
"Sat, Apr 22, 2023",10:00p,Memphis Grizzlies,101,Los Angeles Lakers,111,Box Score,,18997.0,2:33,Crypto.com Arena,
"Sun, Apr 23, 2023",1:00p,Cleveland Cavaliers,93,New York Knicks,102,Box Score,,19812.0,2:22,Madison Square Garden (IV),
"Sun, Apr 23, 2023",3:30p,Sacramento Kings,125,Golden State Warriors,126,Box Score,,18064.0,2:31,Chase Center,
"Sun, Apr 23, 2023",7:00p,Boston Celtics,129,Atlanta Hawks,121,Box Score,,19144.0,2:28,State Farm Arena,
"Sun, Apr 23, 2023",9:30p,Denver Nuggets,108,Minnesota Timberwolves,114,Box Score,OT,18978.0,2:44,Target Center,
"Mon, Apr 24, 2023",7:30p,Milwaukee Bucks,114,Miami Heat,119,Box Score,,19614.0,2:34,Kaseya Center,
"Mon, Apr 24, 2023",10:00p,Memphis Grizzlies,111,Los Angeles Lakers,117,Box Score,OT,18997.0,2:54,Crypto.com Arena,
"Tue, Apr 25, 2023",7:30p,Atlanta Hawks,119,Boston Celtics,117,Box Score,,19156.0,2:18,TD Garden,
"Tue, Apr 25, 2023",9:00p,Minnesota Timberwolves,109,Denver Nuggets,112,Box Score,,19691.0,2:39,Ball Arena,
"Tue, Apr 25, 2023",10:00p,Los Angeles Clippers,130,Phoenix Suns,136,Box Score,,17071.0,2:34,Footprint Center,
"Wed, Apr 26, 2023",7:00p,New York Knicks,106,Cleveland Cavaliers,95,Box Score,,19432.0,2:25,Rocket Mortgage Fieldhouse,
"Wed, Apr 26, 2023",7:30p,Los Angeles Lakers,99,Memphis Grizzlies,116,Box Score,,18117.0,2:15,FedEx Forum,
"Wed, Apr 26, 2023",9:30p,Miami Heat,128,Milwaukee Bucks,126,Box Score,OT,18113.0,2:58,Fiserv Forum,
"Wed, Apr 26, 2023",10:00p,Golden State Warriors,123,Sacramento Kings,116,Box Score,,18253.0,2:31,Golden 1 Center,
"Thu, Apr 27, 2023",8:30p,Boston Celtics,128,Atlanta Hawks,120,Box Score,,19176.0,2:24,State Farm Arena,
"Fri, Apr 28, 2023",8:00p,Sacramento Kings,118,Golden State Warriors,99,Box Score,,18064.0,2:33,Chase Center,
"Fri, Apr 28, 2023",10:30p,Memphis Grizzlies,85,Los Angeles Lakers,125,Box Score,,18997.0,2:14,Crypto.com Arena,
"Sat, Apr 29, 2023",8:30p,Phoenix Suns,107,Denver Nuggets,125,Box Score,,19762.0,2:20,Ball Arena,
"Sun, Apr 30, 2023",1:00p,Miami Heat,108,New York Knicks,101,Box Score,,19812.0,2:20,Madison Square Garden (IV),
"Sun, Apr 30, 2023",3:30p,Golden State Warriors,120,Sacramento Kings,100,Box Score,,18253.0,2:29,Golden 1 Center,
